id,isDefault
1000575,0.0
1028125,0.0
1010694,0.0
1026712,0.0
1002895,0.0
1031202,0.0
1041065,0.0
1037799,0.0
1036385,0.0
1028640,0.0
1046198,0.0
1005902,0.0
1001958,0.0
1021171,0.0
1018693,0.0
1046881,0.0
1008394,0.0
1039986,0.0
1028449,0.0
1037670,0.0
1030356,0.0
1033422,0.0
1041457,0.0
1013635,0.0
1009911,0.0
1026052,0.0
1013010,0.0
1000541,0.0
1023933,0.0
1010278,0.0
1042322,0.0
1035083,0.0
1017136,0.0
1008825,0.0
1035744,0.0
1019583,0.0
1015244,0.0
1001057,0.0
1018597,0.0
1021590,0.0
1028479,0.0
1022178,0.0
1021768,0.0
1044905,0.0
1018188,0.0
1034782,0.0
1012386,0.0
1003882,0.0
1041743,0.0
1045699,0.0
1023722,0.0
1005903,0.0
1032382,0.0
1032769,0.0
1016556,0.0
1018606,0.0
1034996,0.0
1030041,0.0
1034236,0.0
1027554,0.0
1005162,0.0
1011175,0.0
1033902,0.0
1014356,0.0
1045176,0.0
1026600,0.0
1010478,0.0
1019200,0.0
1030818,0.0
1041083,0.0
1020605,0.0
1031833,0.0
1015116,0.0
1011414,0.0
1032688,0.0
1024629,0.0
1033891,0.0
1024842,0.0
1027018,0.0
1004702,0.0
1026577,0.0
1039347,0.0
1027392,0.0
1036590,0.0
1019761,0.0
1011949,0.0
1035693,0.0
1021378,0.0
1031346,0.0
1017477,0.0
1048032,0.0
1038679,0.0
1007051,0.0
1000452,0.0
1013922,0.0
1046564,0.0
1017521,0.0
1009082,0.0
1015316,0.0
1017718,0.0
1021027,0.0
1028958,0.0
1035453,0.02815784886479375
1024280,0.0
1010128,0.0
1007386,0.0
1009167,0.0
1037585,0.0
1024570,0.0
1038043,0.0
1037576,0.0
1039779,0.0
1004522,0.0
1007364,0.0
1008846,0.0
1000603,0.0
1021829,0.0
1044059,0.0
1012497,0.0
1013466,0.0
1038891,0.0
1010547,0.0
1018544,0.0
1018208,0.0
1026767,0.0
1034103,0.0
1006844,0.0
1008717,0.0
1023969,0.0
1046972,0.0
1039065,0.0
1007767,0.0
1033865,0.0
1011770,0.0
1048315,0.0
1030629,0.0
1002486,0.0
1035595,0.0
1000629,0.0
1034681,0.0
1009765,0.0
1044865,0.0
1012272,0.0
1040995,0.0
1045052,0.0
1029847,0.0
1018987,0.0
1040155,0.0
1001734,0.0
1008795,0.0
1032664,0.0
1034740,0.0
1017204,0.0
1010766,0.0
1031660,0.0
1020555,0.0
1046278,0.0
1010915,0.0
1046598,0.0
1037912,0.0
1042520,0.0
1040643,0.0
1025913,0.0
1031268,0.0
1026392,0.0
1049286,0.0
1034359,0.0
1014506,0.0
1031580,0.0
1038801,0.0
1010056,0.0
1013643,0.0
1046980,0.0
1012709,0.0
1014724,0.0
1030802,0.0
1049297,0.0
1036358,0.0
1019782,0.0
1039519,0.0
1005038,0.0
1008449,0.0
1023717,0.0
1046007,0.0
1009223,0.0
1040241,0.0
1046923,0.0
1042733,0.0
1008065,0.0
1032019,0.0
1037629,0.0
1027670,0.0
1017353,0.0
1024141,0.0
1042069,0.0
1020400,0.0
1011500,0.0
1038606,0.0
1025972,0.0
1025557,0.0
1031479,0.0
1025480,0.0
1007123,0.0
1024198,0.0
1012988,0.0
1009487,0.0
1039865,0.0
1018599,0.0
1009489,0.0
1041868,0.0
1047948,0.0
1046133,0.0
1026260,0.0
1032976,0.0
1035576,0.0
1029414,0.0
1020223,0.0
1011891,0.0
1049708,0.0
1003658,0.0
1048635,0.0
1019684,0.0
1017666,0.0
1010777,0.0
1032325,0.0
1028976,0.0
1000023,0.0
1038750,0.0
1039210,0.0
1021115,0.0
1008255,0.0
1043035,0.0
1038586,0.0
1011805,0.0
1048311,0.0
1044609,0.0
1001320,0.0
1027123,0.0
1002344,0.0
1023161,0.0
1017527,0.0
1025805,0.0
1043664,0.0
1002051,0.0
1044756,0.0
1046992,0.0
1037278,0.0
1045543,0.0
1002896,0.0
1010600,0.0
1046540,0.0
1024939,0.0
1039793,0.0
1045428,0.0
1010816,0.0
1000763,0.0
1019619,0.0
1028129,0.0
1025519,0.0
1002790,0.0
1036698,0.0
1008144,0.0
1001394,0.0
1020391,0.0
1029372,0.0
1023438,0.0
1004329,0.0
1024970,0.0
1020904,0.0
1041784,0.0
1010047,0.0
1035244,0.0
1023875,0.0
1003764,0.0
1029025,0.0
1033300,0.0
1009135,0.0
1021747,0.0
1041665,0.0
1000368,0.0
1016906,0.0
1016805,0.0
1028933,0.0
1001776,0.0
1049973,0.0
1026702,0.0
1003632,0.0
1013239,0.0
1014009,0.0
1008187,0.0
1000645,0.0
1037395,0.0
1007003,0.0
1037190,0.0
1004658,0.0
1031972,0.0
1046675,0.0
1031897,0.0
1014909,0.0
1019310,0.0
1002951,0.0
1024828,0.0
1023482,0.0
1037593,0.0
1030733,0.0
1012324,0.0
1022787,0.0
1030142,0.0
1041632,0.0
1023457,0.0
1011260,0.0
1046672,0.0
1001120,0.0
1038629,0.0
1019702,0.0
1006084,0.0
1031837,0.0
1027440,0.0
1002291,0.0
1019211,0.0
1002567,0.0
1039090,0.0
1000687,0.0
1046046,0.0
1026806,0.0
1049758,0.0
1015405,0.0
1006713,0.0
1048134,0.0
1022539,0.0
1038388,0.0
1000241,0.0
1037581,0.0
1038485,0.0
1002815,0.0
1028367,0.0
1013467,0.0
1039922,0.0
1009987,0.0
1014226,0.0
1003710,0.0
1036372,0.0
1012012,0.0
1022842,0.0
1047163,0.0
1008640,0.0
1028889,0.0
1045707,0.0
1035386,0.0
1014936,0.0
1045463,0.0
1016814,0.0
1035379,0.0
1006288,0.0
1001075,0.0
1037535,0.0
1039778,0.0
1035776,0.0
1027737,0.0
1006349,0.0
1015493,0.0
1023217,0.0
1011970,0.0
1003307,0.0
1020497,0.0
1020418,0.0
1035816,0.069518663178606
1000235,0.0
1027315,0.0
1002958,0.0
1042173,0.0
1001367,0.0
1048838,0.0
1035740,0.0
1013044,0.0
1023046,0.0
1012481,0.0
1015150,0.0
1011069,0.0
1028495,0.0
1007025,0.0
1002942,0.0288786540882752
1002551,0.0
1045099,0.0
1017965,0.0
1031750,0.0
1026938,0.0
1048185,0.0
1040230,0.0
1009192,0.0
1031387,0.0
1044820,0.0
1014626,0.0
1002667,0.0
1020510,0.0
1001241,0.0
1000682,0.0
1035786,0.0
1046463,0.0
1026875,0.0
1021439,0.0
1000744,0.0
1015635,0.0
1047194,0.0
1001623,0.0
1019298,0.0
1004404,0.0
1005109,0.0
1019077,0.0
1010191,0.0
1011766,0.0
1047521,0.0
1043876,0.0
1018965,0.0
1029881,0.0
1024650,0.0
1030513,0.0
1049815,0.0
1032611,0.0
1030348,0.0
1021548,0.0
1022606,0.0
1012461,0.0
1005520,0.0
1032046,0.0
1039850,0.0
1020420,0.0
1023405,0.0
1019740,0.0
1030062,0.0
1007306,0.0
1031024,0.0
1008518,0.0
1013733,0.0
1021983,0.0
1041602,0.0
1047490,0.0
1030439,0.0
1023428,0.0
1049246,0.0
1017690,0.0
1040764,0.0
1037250,0.0
1049711,0.0
1031392,0.0
1002403,0.0
1021322,0.0
1014596,0.0
1034036,0.0
1044720,0.0
1048177,0.0
1026972,0.0
1010632,0.0
1004650,0.0
1015213,0.0
1038459,0.0
1015508,0.0
1013480,0.0
1013193,0.0
1019598,0.0
1032470,0.0
1000355,0.0
1017879,0.0
1042655,0.0
1023181,0.0
1011529,0.0
1003358,0.0
1028136,0.0
1020534,0.0
1037647,0.0
1020809,0.0
1046592,0.0
1048476,0.0
1047773,0.0
1026119,0.0
1032850,0.0
1024751,0.0
1029190,0.0
1041125,0.0
1036822,0.0
1044451,0.0
1038756,0.0
1018751,0.0
1027136,0.0
1015768,0.0
1017595,0.0
1027334,0.0
1003630,0.0
1016183,0.0
1013179,0.0
1009435,0.0
1041970,0.0
1004317,0.0
1012281,0.0
1046872,0.0
1013312,0.0
1003855,0.0
1029444,0.0
1030607,0.0
1003943,0.0
1025172,0.0
1047691,0.0
1000692,0.0
1008348,0.0
1024959,0.0
1020043,0.0
1038627,0.0
1009954,0.0
1016547,0.0
1010059,0.0
1005266,0.0
1024996,0.0
1020830,0.0
1031284,0.0
1009815,0.0
1049981,0.0
1022696,0.0
1029800,0.0
1015131,0.0
1029953,0.0
1023288,0.0
1014450,0.0
1030169,0.0
1028921,0.0
1004464,0.0
1006851,0.0
1038341,0.0
1020366,0.0
1027934,0.0
1020747,0.0
1009251,0.0
1023974,0.0
1002628,0.0
1005158,0.0
1020412,0.0
1003013,0.0
1015004,0.0
1030360,0.0
1027061,0.0
1006441,0.0
1020239,0.0
1026685,0.0
1039194,0.0
1002092,0.0
1028541,0.0
1042437,0.0
1044538,0.0
1040351,0.0
1014358,0.0
1027505,0.0
1034392,0.0
1001382,0.0
1032362,0.0
1022345,0.0
1019476,0.0
1034355,0.0
1039683,0.0
1009460,0.0
1014079,0.0
1012956,0.0
1017071,0.0
1016491,0.0
1008866,0.0
1023329,0.0
1034296,0.0
1018939,0.0
1019233,0.0
1016434,0.0
1030053,0.0
1026263,0.0
1014770,0.0
1011532,0.0
1015969,0.0
1044523,0.0
1029319,0.0
1019454,0.0
1012869,0.0
1019664,0.0
1017296,0.0
1024654,0.0
1036821,0.0
1017426,0.0
1003038,0.0
1007250,0.0
1034513,0.0
1022656,0.0
1017321,0.0
1019574,0.0
1046655,0.0
1038701,0.0
1008201,0.0
1031909,0.0
1032039,0.0
1046386,0.0
1009399,0.0
1026804,0.0
1008052,0.0
1005956,0.0
1041468,0.0
1005015,0.0
1003252,0.0
1019969,0.0
1014885,0.0
1002454,0.0
1020898,0.0
1004302,0.0
1035490,0.0
1015885,0.0
1005138,0.0
1041301,0.0
1037468,0.0
1001278,0.0
1005761,0.0
1002485,0.0
1008339,0.0
1040868,0.0
1036500,0.0
1007674,0.0
1047204,0.0
1003674,0.0
1001739,0.0
1005757,0.0
1041326,0.0
1021168,0.0
1009494,0.0
1032337,0.0
1046865,0.0
1013781,0.0
1032001,0.03856170722413095
1009631,0.0
1035496,0.0
1006862,0.0
1003364,0.0
1039020,0.0
1019487,0.0
1016996,0.0
1030549,0.0
1001487,0.0
1042063,0.0
1031579,0.0
1033816,0.0
1028500,0.0
1016201,0.0
1012343,0.0
1043269,0.0
1025509,0.0
1019678,0.0
1039193,0.0
1017886,0.0
1025607,0.0
1028273,0.0
1011378,0.0
1022690,0.0
1025042,0.0
1046909,0.0
1022968,0.0
1009824,0.0
1022206,0.0
1022382,0.0
1006024,0.0
1002046,0.0
1042194,0.0
1038697,0.0
1030553,0.0
1036069,0.0
1018824,0.0
1005084,0.0
1041241,0.0
1009028,0.0
1030574,0.0
1018060,0.0
1023163,0.0
1041730,0.0
1004556,0.0
1048817,0.0
1018721,0.0
1036185,0.0
1047136,0.0
1036032,0.0
1049878,0.0
1037150,0.0
1003433,0.0
1008273,0.0
1027347,0.0
1047246,0.0
1036647,0.0
1035598,0.0
1034510,0.0
1004664,0.0
1042180,0.0
1041865,0.0
1021504,0.0
1046760,0.0
1016843,0.0
1024219,0.0
1003834,0.0
1045001,0.0
1021435,0.0
1018227,0.0
1036563,0.0
1002831,0.0
1031981,0.0
1039811,0.0
1031460,0.0
1023762,0.0
1030209,0.0
1022591,0.0
1032219,0.0
1009997,0.0
1049227,0.0
1016107,0.0
1036216,0.0
1049605,0.0
1008316,0.0
1015903,0.0
1043337,0.0
1036866,0.0
1039695,0.0
1003821,0.0
1048787,0.0
1002008,0.0
1016911,0.0
1045253,0.0
1011218,0.0
1041680,0.0
1047538,0.0
1006593,0.0
1019501,0.0
1012549,0.0
1036148,0.0
1034853,0.0
1044044,0.0
1039821,0.0
1044122,0.0
1033479,0.0
1010042,0.0
1023968,0.0
1022445,0.0
1040223,0.0
1010000,0.0
1021336,0.0
1018200,0.0
1036687,0.0
1000332,0.0
1015527,0.0
1033941,0.0
1018941,0.0
1029282,0.0
1002554,0.0
1043683,0.0
1012074,0.0
1049948,0.0
1000548,0.0
1048634,0.0
1037789,0.0
1004493,0.0
1044886,0.0
1028629,0.0
1046481,0.0
1026667,0.0
1011079,0.0
1019578,0.0
1011483,0.0
1049883,0.0
1003123,0.0
1033580,0.0
1012879,0.0
1020766,0.0
1000009,0.0
1010807,0.0
1021052,0.0
1010261,0.0
1027384,0.0
1009864,0.0
1021002,0.0
1030414,0.0
1005803,0.0
1026257,0.0
1020702,0.0
1047106,0.0
1002037,0.0
1023445,0.0
1035180,0.0
1039036,0.0
1048255,0.0
1014609,0.0
1021865,0.0
1013693,0.0
1007103,0.0
1033995,0.0
1025954,0.0
1042620,0.0
1047927,0.0
1024380,0.0
1043575,0.0
1032062,0.0
1000559,0.0
1027028,0.0
1007772,0.0
1000915,0.0
1011866,0.0
1035741,0.0
1043537,0.0
1041212,0.0
1046700,0.0
1004179,0.0
1006149,0.0
1039899,0.0
1049820,0.0
1020019,0.0
1012419,0.0
1005599,0.0
1016918,0.0
1025077,0.0
1033929,0.0264406768652944
1003627,0.0
1048936,0.0
1021775,0.0
1019505,0.0
1014397,0.0
1032514,0.0
1026525,0.0
1015662,0.0
1001618,0.0
1035202,0.0
1009781,0.0632546568326125
1040563,0.0
1039762,0.0
1041472,0.0
1014415,0.0
1019773,0.0
1048758,0.0
1023746,0.0
1013586,0.0
1039920,0.0
1006141,0.0
1043062,0.0
1033113,0.0
1004684,0.0
1048870,0.0
1018057,0.0
1022361,0.0
1034710,0.0
1035915,0.0
1005963,0.0
1024047,0.0
1047259,0.0
1014649,0.0
1015313,0.0
1041773,0.0
1049157,0.0
1044623,0.0
1020371,0.0
1018583,0.0
1012392,0.0
1025850,0.0
1033640,0.0
1043727,0.0
1031473,0.0
1017232,0.0
1041176,0.0
1013589,0.0
1021763,0.0
1037606,0.0
1005209,0.0
1039706,0.0
1029996,0.0
1025105,0.0
1002207,0.0
1004890,0.0
1044818,0.0
1002165,0.0
1047339,0.0
1022727,0.0
1015669,0.0
1027997,0.0
1011097,0.0
1008325,0.0
1015309,0.0
1003104,0.0
1037339,0.0
1008130,0.0
1009894,0.0
1016170,0.1154316734934973
1011410,0.0
1007270,0.0
1030688,0.0
1020527,0.0
1017323,0.0
1049580,0.0
1049230,0.0
1024659,0.0
1004016,0.0
1045252,0.0
1021707,0.0
1017505,0.0
1035721,0.0
1007746,0.0
1019682,0.0
1019472,0.0
1026697,0.0
1031910,0.0
1030795,0.0
1014846,0.0
1001037,0.0
1031228,0.0
1030536,0.0
1005240,0.0
1007859,0.0
1013003,0.0
1021372,0.0
1041314,0.0
1014357,0.0
1021298,0.0
1031899,0.0
1027410,0.0
1011514,0.0
1035831,0.0
1018418,0.0
1049748,0.0
1005515,0.0
1007542,0.0
1008148,0.0
1018921,0.0
1035512,0.0
1034228,0.0
1025408,0.0
1046631,0.0
1030424,0.0
1037965,0.0
1006232,0.0
1008988,0.0
1019018,0.0
1045852,0.0
1017038,0.0
1025096,0.0
1042247,0.0
1041807,0.0
1042122,0.0
1028720,0.0
1031316,0.0
1016353,0.0
1047764,0.0
1024408,0.0
1000091,0.0
1016870,0.0
1019016,0.0
1017163,0.0
1030366,0.0
1028901,0.0
1034601,0.0
1030859,0.0
1026384,0.0
1008663,0.0
1036295,0.0
1021798,0.0
1004426,0.075934183554035
1040929,0.0
1031860,0.0
1001174,0.0
1020466,0.0
1015174,0.0
1035795,0.0
1000076,0.0
1015506,0.0
1043663,0.0
1006099,0.0
1012744,0.0
1025661,0.0
1041687,0.0
1018234,0.0
1020882,0.0
1044082,0.0
1009069,0.0
1015854,0.0
1001513,0.0
1032172,0.0
1049493,0.0
1016421,0.0
1048659,0.0
1048521,0.0
1026652,0.0
1042840,0.0
1015522,0.0
1041084,0.0
1035150,0.0
1001885,0.0
1044267,0.0
1048925,0.0
1040415,0.0
1030032,0.0
1011247,0.0
1043204,0.0
1037546,0.0
1011413,0.0
1049699,0.0
1026986,0.0
1004628,0.03240940107200415
1044387,0.0
1039484,0.0
1046732,0.0
1049732,0.0
1046064,0.0
1016761,0.0
1049264,0.0
1036438,0.0
1036379,0.0
1005009,0.0
1038693,0.0
1022935,0.0
1024767,0.0
1041830,0.0
1027272,0.0
1031156,0.0
1006602,0.0
1016475,0.0
1007712,0.0
1015160,0.0
1021832,0.0
1010660,0.0
1027974,0.0
1040452,0.0
1025020,0.0
1033448,0.0
1046993,0.0
1003551,0.0
1035248,0.0
1049827,0.0
1049013,0.0
1038123,0.0
1005619,0.0
1042085,0.0
1039222,0.0
1030595,0.0
1034204,0.0
1037757,0.0
1011550,0.108497036053487
1030761,0.0
1007563,0.0
1008758,0.0
1039340,0.0
1018566,0.0
1031360,0.0
1020479,0.0
1006760,0.0
1016026,0.0
1008820,0.0
1012938,0.0
1048527,0.0
1027654,0.0
1018592,0.0
1044556,0.0
1011322,0.0
1036747,0.0
1045067,0.0
1035674,0.0
1011605,0.0
1021411,0.0
1022660,0.0
1024267,0.110862324014306
1046047,0.0
1001610,0.0
1012677,0.0
1014311,0.0
1009941,0.0
1001062,0.0
1003051,0.0
1026160,0.0
1029946,0.0
1018788,0.0
1040515,0.0
1035552,0.0
1049113,0.0
1044864,0.0
1024488,0.0
1017464,0.0
1005082,0.0
1048257,0.0
1025910,0.0
1015646,0.0
1047220,0.0
1028437,0.0
1045515,0.0
1008968,0.0
1017026,0.0
1008060,0.0
1014802,0.0
1043084,0.0
1026125,0.0
1027155,0.0
1013344,0.0
1031414,0.0
1000711,0.0
1025316,0.0
1001168,0.0
1005796,0.0
1034906,0.0
1042335,0.0
1035856,0.0
1016224,0.0
1011115,0.0
1039622,0.0
1017581,0.0
1011635,0.0
1004549,0.0
1046330,0.0
1004926,0.0
1040596,0.0
1043199,0.0
1012578,0.0
1015091,0.0
1047897,0.0
1021639,0.0
1021698,0.0
1001087,0.0
1021919,0.0
1036579,0.0
1017367,0.0
1006558,0.0
1025620,0.0
1033739,0.0
1001028,0.0
1031435,0.0
1031991,0.0
1035071,0.0
1012788,0.0
1003699,0.0
1006495,0.0
1001543,0.0
1033339,0.0
1013791,0.0
1026585,0.0
1002993,0.0
1020525,0.0
1033713,0.0
1039947,0.0
1037373,0.0
1031343,0.0
1044194,0.0
1049195,0.0
1046357,0.0
1030497,0.0
1045921,0.0
1040332,0.0
1013226,0.0
1016006,0.0
1015355,0.0
1043645,0.0
1004208,0.0
1027429,0.0
1043767,0.0
1000017,0.0
1002543,0.0
1022226,0.0
1012754,0.0
1032075,0.0
1010956,0.0
1046238,0.0
1031015,0.0
1043471,0.0
1017369,0.0
1049398,0.0
1048748,0.0
1028262,0.0
1043573,0.0
1026205,0.0
1047034,0.0
1004430,0.0
1023315,0.0
1040343,0.0
1023387,0.0
1009025,0.0
1001728,0.0
1009807,0.0
1037041,0.0
1041061,0.0
1045673,0.0
1024167,0.0
1040491,0.0
1049510,0.0
1024607,0.0
1024889,0.0
1010176,0.0
1045142,0.0468188535367868
1049379,0.0
1032193,0.0
1044622,0.0
1032152,0.0
1003733,0.0
1028456,0.0
1015374,0.0
1004133,0.0
1012491,0.0
1026601,0.0
1022871,0.0
1003338,0.0
1035281,0.0
1031325,0.0
1044573,0.0
1041186,0.0
1006899,0.0
1002523,0.0
1034402,0.0
1026147,0.0
1010533,0.0
1013891,0.0
1010135,0.0
1019475,0.0
1025764,0.0
1008005,0.0
1015892,0.0
1048819,0.0
1047289,0.0
1019917,0.0
1026168,0.0
1005551,0.0
1037713,0.0
1002565,0.0
1000307,0.0
1046868,0.0
1000788,0.0
1035639,0.0
1040473,0.0
1047866,0.0
1031090,0.0
1032387,0.0
1038083,0.0
1043510,0.0
1024852,0.0
1011713,0.0
1008675,0.0
1012607,0.0
1008702,0.0
1027830,0.0
1043142,0.0
1004652,0.0
1011334,0.0
1027181,0.0
1016060,0.0
1027624,0.0
1006497,0.0
1033011,0.0
1003762,0.0
1035802,0.0
1042588,0.0
1008241,0.0
1028806,0.0
1022908,0.0
1022695,0.0
1003394,0.0
1014234,0.0
1038134,0.0
1006494,0.0
1003663,0.0
1015625,0.0
1040719,0.0
1031980,0.0
1006077,0.0
1036228,0.0
1032507,0.0
1043938,0.0
1014149,0.0
1011240,0.0396148214223518
1044823,0.0
1027078,0.0
1022825,0.0
1017868,0.0
1005267,0.0
1013270,0.0
1012812,0.0
1017035,0.0
1043858,0.0
1030367,0.0
1030177,0.0
1012130,0.0
1038746,0.0
1044436,0.0
1015936,0.0
1042208,0.0
1018662,0.0
1036615,0.0
1039412,0.0
1042958,0.0
1031667,0.0
1026510,0.0
1034694,0.0
1001876,0.0
1029467,0.03254846552516015
1015726,0.0
1040688,0.0
1042364,0.0
1042203,0.0
1004725,0.0
1049424,0.0
1013048,0.0
1000187,0.0
1039201,0.0
1007965,0.0
1018935,0.0
1035565,0.0232539464698079
1036058,0.0
1005322,0.0
1034892,0.0
1026416,0.0
1026484,0.0
1028987,0.0
1016374,0.0
1009515,0.0
1049859,0.0
1029139,0.0
1022515,0.0
1048330,0.0
1023310,0.0
1041545,0.0
1002791,0.0
1028760,0.0
1039936,0.0
1049352,0.0
1013353,0.0
1002668,0.0
1026963,0.0
1003135,0.0
1029143,0.0
1023681,0.0
1015688,0.0
1022024,0.0
1027797,0.0
1011338,0.0
1010158,0.0
1042216,0.0
1008918,0.0
1013803,0.0
1038041,0.0
1022597,0.0
1023983,0.0
1020649,0.0
1036018,0.0
1021351,0.0
1017141,0.0
1034603,0.0
1003095,0.0
1013955,0.0
1045215,0.0
1003620,0.0
1011463,0.0
1015670,0.0
1044776,0.0
1004230,0.0
1014188,0.0
1024965,0.0
1007010,0.0
1007744,0.0
1030113,0.0
1046451,0.0
1003567,0.0
1023007,0.0
1020506,0.0
1029475,0.0
1025922,0.0
1040601,0.0
1014183,0.0
1041500,0.0
1028815,0.0
1048192,0.0
1008492,0.0
1048901,0.0
1027977,0.0
1000957,0.0
1026755,0.0
1046384,0.0
1049086,0.0
1048092,0.0
1046614,0.0
1035671,0.0
1046769,0.0
1015359,0.0
1024944,0.0
1048683,0.0
1044650,0.0
1043777,0.0
1012743,0.0
1019822,0.0
1012932,0.0
1023855,0.0
1006300,0.0
1003193,0.0
1020804,0.0
1028058,0.0
1004305,0.0
1040072,0.0
1004247,0.0
1000328,0.0
1016036,0.0
1017036,0.0
1024238,0.0
1034753,0.0
1002272,0.0
1004553,0.0
1049661,0.0
1017146,0.0
1039229,0.0
1045280,0.0
1025983,0.0
1026364,0.0
1039272,0.0
1044851,0.0
1032876,0.0
1027434,0.0
1037841,0.0
1037562,0.0
1048720,0.0
1032715,0.0
1007681,0.0
1002024,0.0
1036850,0.0
1010005,0.0
1012429,0.0
1035396,0.0
1036442,0.0
1020259,0.0
1033706,0.0
1024069,0.0
1010147,0.0
1034727,0.0
1041278,0.0
1013328,0.0
1047083,0.0
1041118,0.0993351950186328
1039589,0.0
1008387,0.0
1018563,0.0
1008243,0.0
1010210,0.0
1013548,0.0
1049898,0.0
1035672,0.0
1003684,0.0
1026819,0.0
1010989,0.0
1032073,0.0
1007188,0.0
1032190,0.0
1026316,0.0
1047575,0.0
1022951,0.0
1010219,0.0
1042305,0.0
1015961,0.0
1014726,0.0
1012391,0.0
1037281,0.0
1041854,0.0
1034756,0.0
1045051,0.0
1018422,0.0
1024359,0.0
1016160,0.0
1021452,0.0
1028247,0.0
1038221,0.0
1040951,0.0
1023938,0.0
1033540,0.0
1025394,0.0
1038827,0.0
1017649,0.0
1017941,0.0
1019639,0.0
1021532,0.0
1020614,0.0
1040065,0.0
1039178,0.0
1034494,0.0
1030140,0.0
1029094,0.0
1012732,0.0
1012004,0.0
1040620,0.0
1035687,0.0
1040467,0.0
1027105,0.0
1017840,0.0
1014664,0.0
1022240,0.0
1027444,0.0
1003605,0.0
1045892,0.0
1043339,0.0
1014204,0.0
1004590,0.0
1018352,0.0
1014076,0.0
1014095,0.0199148487994543
1042706,0.02740833186544475
1010344,0.0
1036388,0.0
1036550,0.0
1022332,0.0
1034396,0.0
1031884,0.0
1022889,0.0
1048669,0.0
1031177,0.0
1013140,0.0
1045206,0.0
1021199,0.0
1016203,0.0
1008929,0.0
1043718,0.0
1043108,0.0
1036171,0.0
1003402,0.0
1014780,0.0
1002821,0.0
1028026,0.0
1000207,0.0
1006311,0.0
1009368,0.0
1004989,0.0
1049759,0.0
1000290,0.0
1020965,0.0
1014162,0.0
1032447,0.0
1016172,0.0
1044627,0.0
1003467,0.0
1036422,0.0
1005117,0.0
1006368,0.0
1011837,0.0
1049158,0.0
1024672,0.0
1027080,0.0
1032950,0.0
1012943,0.0
1040659,0.0
1038841,0.0
1037603,0.0
1012889,0.0
1013029,0.0
1048424,0.0
1046080,0.0
1006188,0.0
1017946,0.0
1014928,0.0
1021492,0.0
1047234,0.0
1005060,0.0
1003084,0.0
1003113,0.0
1023372,0.0
1023848,0.0
1002332,0.0
1021132,0.0
1019797,0.0
1014199,0.0
1022149,0.0
1025623,0.0
1044474,0.0
1019210,0.0
1011272,0.0
1000264,0.0
1033674,0.0
1018528,0.0
1044182,0.0
1049487,0.0
1025614,0.0
1000516,0.0
1046754,0.0
1047820,0.0
1001757,0.0
1033679,0.0
1022131,0.0
1022603,0.0
1027302,0.0
1036568,0.0
1042837,0.0
1022471,0.0
1035258,0.0
1015088,0.0
1026379,0.0
1020060,0.0
1034365,0.0
1017253,0.0
1009518,0.0
1018815,0.0
1047080,0.0
1021600,0.0
1033139,0.0
1027098,0.0
1024413,0.0
1044874,0.0
1035850,0.0
1019257,0.0
1000476,0.0
1016161,0.0
1041962,0.0
1004431,0.0
1028574,0.0
1005487,0.0
1029317,0.0
1009900,0.0
1023107,0.0
1033324,0.0
1038229,0.0
1045862,0.0
1035904,0.0
1041532,0.0
1002335,0.0
1034950,0.0
1018615,0.0
1024178,0.0
1021988,0.0
1014997,0.0
1035073,0.0
1011684,0.0
1019705,0.0
1010797,0.0
1011802,0.0
1049600,0.0
1004400,0.0
1016109,0.0
1031034,0.0
1035217,0.0
1046757,0.0
1004598,0.0
1047383,0.0
1045146,0.0
1006907,0.0
1021680,0.0
1030545,0.0
1006937,0.0
1042451,0.0
1031259,0.0
1041199,0.0
1004649,0.0
1023137,0.0
1022238,0.0
1025011,0.0
1040423,0.0
1016168,0.0
1010546,0.0
1019152,0.0
1015632,0.0
1001984,0.0
1016736,0.0
1002814,0.0
1036909,0.0
1029504,0.0
1014223,0.0
1031589,0.0
1039093,0.0
1027106,0.0
1005171,0.0
1038171,0.0
1034107,0.0
1006244,0.0
1007582,0.0
1012195,0.0
1001290,0.0
1003274,0.0
1039094,0.0
1003470,0.0
1035962,0.0
1040675,0.0
1031472,0.0
1008928,0.0
1036800,0.0
1040799,0.0
1049257,0.0
1031480,0.0
1033374,0.0
1040849,0.0
1043811,0.0
1020435,0.0
1019453,0.0
1044952,0.0
1032598,0.0
1011599,0.0
1034555,0.0
1029320,0.0
1017484,0.0
1022220,0.0
1019567,0.0
1046759,0.0
1019408,0.0
1007961,0.0
1024701,0.0
1010579,0.0
1035423,0.0
1034390,0.0
1026078,0.0
1044071,0.0
1027264,0.0
1027412,0.0
1042807,0.0
1011941,0.0
1002600,0.0
1042604,0.0
1012120,0.0
1024784,0.0
1012897,0.0
1024812,0.0
1024658,0.0
1023043,0.0
1038024,0.0
1002768,0.0
1001237,0.0
1008892,0.0
1003413,0.0
1001856,0.0
1011521,0.0
1027912,0.0
1049753,0.0
1020537,0.0
1042657,0.0
1047707,0.0
1028319,0.0
1026215,0.0
1043156,0.0
1034946,0.0
1005348,0.0
1017185,0.0
1033114,0.0
1007221,0.0
1005061,0.0
1001955,0.0
1017142,0.0
1035432,0.0
1002176,0.0
1022812,0.0222948407754302
1005286,0.0
1027198,0.0
1040317,0.0
1017105,0.0
1038855,0.0
1041886,0.0
1044362,0.0
1042508,0.0
1007842,0.0
1030887,0.0
1046139,0.0
1022287,0.0
1049340,0.0
1028236,0.0
1010964,0.0
1046973,0.0
1028368,0.0
1030637,0.0
1020267,0.0
1001607,0.0
1046213,0.0
1020668,0.0
1014433,0.0
1042238,0.0
1037218,0.0
1039403,0.0
1026271,0.0
1022683,0.0
1018118,0.0
1047545,0.0
1047768,0.0
1007023,0.0
1012111,0.0
1011849,0.0
1018806,0.0
1043345,0.0
1002495,0.0
1005420,0.0
1030933,0.0
1037350,0.0
1037972,0.0
1029194,0.0
1038553,0.0
1022047,0.0
1023637,0.0
1004216,0.0
1021250,0.0
1009391,0.0
1013292,0.0
1013844,0.0
1049998,0.0
1026115,0.0
1022243,0.0
1006004,0.0
1045972,0.0
1038220,0.0
1004148,0.0
1027730,0.0
1021584,0.0
1003581,0.0
1007837,0.0
1032456,0.0
1030212,0.0
1034453,0.0
1039562,0.0
1007307,0.0
1004502,0.0
1005558,0.0
1043022,0.0
1004966,0.0
1041048,0.0
1020681,0.0
1002082,0.0
1048105,0.0
1010692,0.0
1014634,0.0
1004228,0.0
1004232,0.0
1019900,0.0
1036501,0.0
1005022,0.0
1007022,0.0
1034798,0.0
1015744,0.0
1024310,0.0
1047469,0.0
1020637,0.0
1018078,0.0
1013638,0.0
1017018,0.0
1040683,0.0
1049316,0.0
1013043,0.0
1048227,0.0
1008618,0.0
1027741,0.0
1007240,0.0
1034074,0.0
1003765,0.0
1027964,0.0
1020467,0.0
1038714,0.0
1024801,0.0
1008973,0.0
1003359,0.0
1018762,0.0
1045956,0.0
1024053,0.0
1047659,0.0
1024199,0.0
1042187,0.0
1010902,0.0
1041221,0.0
1009336,0.0
1020976,0.0
1008531,0.0
1036023,0.0
1036762,0.0
1027940,0.0
1008849,0.0
1044626,0.0
1038738,0.0
1009709,0.0
1001464,0.0
1041748,0.0
1044873,0.0
1016551,0.0
1000993,0.0
1032606,0.0
1039590,0.0
1012887,0.0
1029272,0.0
1037246,0.0
1024981,0.0
1025461,0.0
1031718,0.0
1005826,0.0
1024990,0.0
1033605,0.0
1042814,0.0
1024798,0.0
1015414,0.038584113586694
1019214,0.0
1009871,0.0
1024351,0.0
1009940,0.0
1045878,0.0
1024636,0.0
1021455,0.0
1001691,0.0
1018441,0.0
1027416,0.0
1027638,0.0
1014524,0.0
1006784,0.0
1007317,0.0
1015838,0.0
1004834,0.0
1028198,0.0
1019075,0.0
1017372,0.0
1024792,0.0
1033354,0.0
1011495,0.0
1040819,0.0
1035857,0.0
1029265,0.0
1012046,0.0
1014156,0.0
1034704,0.0
1007467,0.0
1048053,0.0
1043712,0.0
1031165,0.0
1024161,0.0
1039523,0.0
1028375,0.0
1008911,0.0
1032302,0.0
1020235,0.0
1014163,0.0
1024936,0.0
1028943,0.0
1031439,0.0
1010612,0.0
1004805,0.0
1032753,0.0
1023982,0.0
1039730,0.0
1006245,0.0
1018334,0.0
1049080,0.0
1004244,0.0
1037342,0.0
1035229,0.0
1015732,0.0
1017610,0.0
1002070,0.0
1027488,0.0
1023204,0.0
1008069,0.0
1032747,0.02761037880554795
1015887,0.0
1047582,0.02417950140244765
1043545,0.0
1023513,0.0
1023228,0.0
1022254,0.0
1033804,0.0
1022344,0.0
1049752,0.0
1015408,0.0
1012616,0.0
1007993,0.0
1024814,0.0
1024619,0.0
1027249,0.0
1039658,0.0
1000426,0.0
1023258,0.0
1000097,0.0
1003939,0.0
1033189,0.0
1037731,0.0
1044682,0.0
1018212,0.0
1021718,0.0
1000816,0.0
1043588,0.0
1035673,0.0
1039067,0.0
1024384,0.02737174312317735
1026704,0.0
1026680,0.0
1021951,0.0
1043956,0.0
1047865,0.0
1045766,0.0
1041902,0.0
1003471,0.0
1000916,0.0
1033495,0.0
1024736,0.0
1005556,0.0
1034737,0.0
1043284,0.0
1008215,0.0
1011776,0.0
1022418,0.0
1005601,0.0
1018435,0.0
1047097,0.0
1020301,0.0
1014135,0.0
1004268,0.0
1042866,0.0
1025088,0.0
1008363,0.0
1014485,0.0170575614620607
1030420,0.0
1012477,0.0
1003543,0.0
1038808,0.0
1030726,0.0
1023593,0.0
1044244,0.0
1047092,0.0
1012341,0.0
1008237,0.0
1046311,0.0
1012659,0.0342390201985836
1012428,0.0
1043054,0.0
1022705,0.0
1035630,0.0
1033573,0.0
1037337,0.0
1014982,0.0
1007693,0.0
1000622,0.0
1027087,0.0
1017189,0.0
1025492,0.0
1019158,0.0
1042398,0.0
1046692,0.0
1036652,0.0
1048351,0.0
1003909,0.0
1011657,0.0
1007006,0.0
1035260,0.0
1019865,0.0
1041515,0.0
1036499,0.0
1009541,0.0
1000170,0.0
1003689,0.0
1033559,0.0
1006169,0.0
1032185,0.0
1030205,0.0
1043265,0.0
1032261,0.0
1023171,0.0
1039659,0.0
1023210,0.0
1021699,0.0
1013664,0.0
1028148,0.0
1029333,0.0
1036735,0.0
1026780,0.0
1049511,0.0
1006208,0.0
1024878,0.0
1045381,0.0
1019829,0.0
1007047,0.0
1049671,0.0
1027991,0.0
1009501,0.0
1014431,0.0
1025778,0.0
1040082,0.0
1049442,0.0
1002021,0.03626457673983465
1036714,0.0
1006150,0.0
1031863,0.0
1003216,0.0
1030073,0.0
1011652,0.0
1000174,0.0
1036483,0.0
1000113,0.0
1002832,0.0
1044839,0.0
1021676,0.0
1037813,0.0
1012634,0.0
1039374,0.0
1022737,0.0
1048229,0.0
1002133,0.0
1006256,0.0
1001827,0.0
1042087,0.0
1044581,0.0
1011375,0.0
1008607,0.0
1011341,0.0
1003232,0.0
1011956,0.0
1047168,0.0
1045513,0.0
1032480,0.0
1034680,0.0
1043433,0.0
1011756,0.0
1025287,0.0
1027222,0.0
1002862,0.0
1006638,0.0
1037289,0.0
1029262,0.0
1022201,0.0
1017772,0.0
1011632,0.0
1002434,0.0
1024309,0.0
1024569,0.0
1006843,0.0
1048512,0.0
1021643,0.0
1041696,0.0
1006383,0.0
1027744,0.0
1031487,0.0
1004246,0.0
1041355,0.0
1007313,0.0
1015620,0.0
1021664,0.0
1019096,0.0
1011365,0.0
1032096,0.1022850524191685
1026905,0.0
1026187,0.0
1009506,0.0
1003368,0.0
1015062,0.0
1046932,0.0
1026407,0.0
1047967,0.0
1023661,0.0
1018818,0.0
1005146,0.0
1043082,0.0
1002080,0.0
1041308,0.0
1049168,0.0
1038904,0.0
1028836,0.0
1019099,0.0
1026550,0.0
1018112,0.0
1022978,0.0
1044072,0.0
1006034,0.0
1044801,0.0
1032954,0.0
1044385,0.0
1020581,0.0
1027092,0.0
1016637,0.0
1021128,0.0
1049944,0.0
1045104,0.0
1002507,0.0
1037551,0.0
1022508,0.0
1041697,0.0
1046771,0.0
1012023,0.0
1026451,0.0
1042166,0.0
1044704,0.0
1035954,0.0
1007304,0.0
1011563,0.0
1002678,0.0
1006562,0.0
1038582,0.0
1049396,0.0
1012840,0.0
1035890,0.0
1045468,0.0
1028688,0.0
1042582,0.0
1039293,0.0
1022800,0.0
1013662,0.0
1021000,0.0
1036511,0.0
1000196,0.0
1019067,0.0
1029180,0.0
1031115,0.0
1007398,0.0
1036703,0.0
1040771,0.0
1031839,0.0
1006923,0.0
1035907,0.0
1012542,0.0
1020373,0.0
1039611,0.0
1010289,0.0
1025180,0.0
1015831,0.0
1025963,0.0
1029248,0.0
1039633,0.0
1015870,0.0
1011709,0.0
1043680,0.0
1024997,0.0
1041357,0.0
1029332,0.0
1041013,0.0
1031183,0.0
1017275,0.0
1002194,0.0
1044582,0.0
1004137,0.0
1005020,0.0
1044487,0.0
1036076,0.0
1016175,0.0
1023682,0.0
1000470,0.0
1039848,0.0
1016261,0.0
1024292,0.0
1038157,0.0
1021888,0.0
1040814,0.0
1039204,0.0
1023348,0.0
1011187,0.0
1046140,0.0
1027229,0.0
1025113,0.0
1009154,0.0
1049720,0.0
1002780,0.0
1045526,0.0
1044075,0.0
1043621,0.0
1025603,0.0
1014476,0.0
1012882,0.0
1028722,0.0
1003833,0.0
1032699,0.0
1033975,0.0
1048729,0.0
1047910,0.0
1006023,0.0
1039640,0.0
1024212,0.0
1006914,0.02393330028280615
1001524,0.0
1034989,0.0
1039142,0.0
1012027,0.0
1049908,0.0
1014420,0.0
1032125,0.0
1003564,0.0
1031051,0.0
1035926,0.0
1040992,0.0
1017944,0.0
1028724,0.0
1048891,0.0
1003637,0.0
1023131,0.0
1021142,0.0
1030487,0.0
1017384,0.0
1005170,0.0
1034193,0.0
1039059,0.0
1036791,0.0
1021036,0.0
1030634,0.0
1036586,0.0
1004455,0.0
1004969,0.0
1008307,0.0
1001535,0.0
1019234,0.0
1019528,0.0
1027773,0.0
1026267,0.0
1009377,0.0
1017523,0.0
1023764,0.0
1022774,0.0
1034800,0.0
1018058,0.0
1034376,0.0
1042617,0.0
1031194,0.0
1020694,0.0
1009625,0.0
1037171,0.0
1028887,0.0
1042375,0.0
1020476,0.0
1005293,0.0
1001582,0.0
1012085,0.0
1041963,0.0
1041631,0.0
1021575,0.0
1049270,0.0
1034240,0.0
1040938,0.0
1037586,0.03693787556142745
1037589,0.0
1001971,0.0
1014129,0.0
1047586,0.0
1015567,0.0
1040004,0.0
1014145,0.0
1018585,0.0
1014616,0.0
1004297,0.0
1000875,0.0
1049444,0.0
1020785,0.0
1029257,0.0
1013398,0.0
1033783,0.0
1030825,0.0
1016395,0.0
1030365,0.0
1040005,0.0
1019100,0.0
1026485,0.0
1026020,0.0
1041344,0.0
1001779,0.0
1043970,0.0
1024417,0.0
1002813,0.0
1036046,0.0
1021284,0.0
1006125,0.0
1009743,0.0
1040197,0.0
1001564,0.0
1036363,0.0
1022460,0.0
1037695,0.0
1015072,0.0
1043158,0.0
1015177,0.0
1005998,0.0
1042254,0.0
1019035,0.0
1008980,0.0
1021347,0.0
1043505,0.0
1021708,0.0
1042284,0.0
1020567,0.0
1012283,0.0
1032015,0.0
1047063,0.0
1004625,0.0
1032145,0.0
1040299,0.0
1006210,0.0
1013069,0.0
1016029,0.0
1044263,0.0
1046488,0.0
1039592,0.0
1043369,0.0
1030371,0.0
1028187,0.0
1022432,0.0
1007338,0.0
1030241,0.0
1049167,0.0
1025956,0.0
1001921,0.0
1043346,0.0
1015411,0.0
1040733,0.0
1012329,0.0
1046256,0.0
1002992,0.0
1027280,0.0
1046651,0.0
1018761,0.0
1006756,0.0
1036211,0.0
1005439,0.0
1049247,0.0
1010150,0.0
1028859,0.0
1012248,0.0
1031393,0.0
1005563,0.0
1043356,0.0
1041332,0.0
1048791,0.0
1016955,0.0
1045810,0.0
1023547,0.0
1019098,0.0
1034787,0.0
1030911,0.0
1027215,0.0
1036872,0.0
1026218,0.0
1008220,0.0
1043540,0.0
1002438,0.0
1022275,0.0
1017419,0.0
1034322,0.0
1022301,0.0
1015745,0.0
1009390,0.0
1042553,0.0
1046995,0.0
1025511,0.0
1011169,0.0
1026458,0.0
1017811,0.0
1024419,0.0
1030821,0.0
1033992,0.0
1014477,0.0
1037951,0.0
1018933,0.0
1014710,0.0
1000292,0.0
1039258,0.0
1019390,0.0
1049875,0.0
1027772,0.0
1033688,0.0
1049790,0.0
1031905,0.0
1014657,0.0
1008738,0.0
1023470,0.0
1010492,0.0
1019830,0.0
1037704,0.0
1013697,0.0
1027674,0.0
1014242,0.0
1013500,0.0
1016459,0.0
1047466,0.0
1042041,0.0
1004733,0.0
1002076,0.0
1040535,0.0
1017853,0.0
1008867,0.0
1048245,0.0
1011883,0.0
1035718,0.0
1020200,0.0
1011259,0.0
1011489,0.0
1015418,0.0
1001559,0.0
1014426,0.0
1046276,0.0
1015916,0.0
1005618,0.0
1042724,0.0
1030300,0.0
1044999,0.0
1022364,0.0
1034533,0.0
1021506,0.0
1029001,0.0
1005772,0.0
1046940,0.0
1019027,0.0
1028061,0.0
1002428,0.0786370003153674
1037703,0.0
1019600,0.0
1018695,0.0
1049175,0.0
1043410,0.0
1031845,0.0
1000048,0.0
1035345,0.0
1042576,0.0
1006435,0.0
1033579,0.0
1015039,0.0
1024293,0.0
1033894,0.0
1043348,0.0
1042962,0.0
1031168,0.0
1028423,0.0
1002162,0.0
1046576,0.0
1007583,0.0
1044739,0.0
1019064,0.0
1038187,0.0
1000128,0.0
1019706,0.0
1036464,0.0
1034507,0.0
1009466,0.0
1013827,0.0
1012297,0.0
1011197,0.0
1049569,0.0
1048572,0.0
1042436,0.0
1034093,0.0
1042801,0.0
1025846,0.0
1002837,0.0
1046069,0.0
1027133,0.0
1003078,0.0
1017393,0.0
1033390,0.0
1014636,0.0
1005799,0.0
1007549,0.0
1033744,0.0
1024943,0.0
1005779,0.0
1030399,0.0
1030943,0.0
1036034,0.0
1023660,0.0
1025791,0.0
1030033,0.0
1040458,0.0
1023553,0.0
1028480,0.0
1013159,0.0
1044448,0.0
1008170,0.0
1003956,0.0
1017059,0.0
1003769,0.0
1031501,0.0
1009992,0.0
1018556,0.0
1026432,0.0
1016656,0.0
1024728,0.0
1025508,0.0
1011916,0.0
1021509,0.0
1041128,0.0
1036149,0.0
1015661,0.0
1027115,0.0
1047960,0.0
1002273,0.0
1028224,0.03045721258968115
1003496,0.0
1031185,0.0
1006789,0.0
1010550,0.0
1045571,0.0
1005941,0.0
1031556,0.0
1033928,0.0
1033701,0.0
1004238,0.0
1015433,0.0
1019107,0.0
1028430,0.0
1027507,0.0
1009977,0.0
1024375,0.0
1030937,0.0
1009849,0.0
1010166,0.0
1038122,0.0
1037261,0.0
1026870,0.0
1019041,0.0
1046586,0.0
1029014,0.0
1037610,0.0
1023272,0.0
1028309,0.0
1046195,0.0
1006419,0.0
1041755,0.0
1031306,0.0
1043055,0.0
1002927,0.0
1036253,0.0
1028931,0.0
1021660,0.0
1011987,0.0
1013631,0.0
1035805,0.0
1020005,0.0
1013176,0.0
1012193,0.0
1011055,0.0
1028935,0.0
1006853,0.0
1032416,0.0
1007169,0.0
1012619,0.0
1018636,0.0
1033137,0.0
1031116,0.0
1001313,0.0
1008558,0.0
1036657,0.0
1019672,0.0
1036030,0.0
1034180,0.0
1001280,0.0
1037899,0.0
1026784,0.0
1035916,0.0
1012508,0.0
1043226,0.0
1046242,0.0
1002954,0.0
1028083,0.0
1020448,0.0
1014410,0.0
1049470,0.0
1015437,0.0
1015370,0.0
1047590,0.0
1001175,0.0
1045840,0.0
1018388,0.0
1014889,0.0
1004797,0.0
1024171,0.0
1045873,0.0
1028121,0.0
1014625,0.0
1002674,0.0
1037697,0.0
1021970,0.0
1022786,0.0
1049252,0.0
1041672,0.0
1027066,0.0
1002160,0.0
1022514,0.0
1000094,0.0
1032436,0.0
1008987,0.0
1025259,0.0
1027871,0.0
1010776,0.0
1031018,0.0
1038583,0.0
1017412,0.0
1009290,0.0
1018194,0.0
1048080,0.0
1049595,0.0
1042667,0.0
1025950,0.0
1015181,0.0
1014967,0.0
1018028,0.0
1025110,0.0
1024991,0.0
1003034,0.0
1005218,0.0
1020250,0.0
1048865,0.0
1040010,0.0
1032169,0.0
1016415,0.0
1033191,0.0
1002306,0.0523522598242578
1024376,0.0
1043708,0.0
1040776,0.0
1043742,0.0
1040667,0.0
1034242,0.0
1027731,0.0
1035990,0.0
1031529,0.0
1020135,0.0
1045902,0.0
1040791,0.0
1021463,0.0
1028196,0.0
1037209,0.0
1008925,0.0
1015755,0.0
1023543,0.0
1048211,0.0
1009910,0.0
1002566,0.0
1008636,0.0
1008660,0.0
1046620,0.0
1041064,0.0
1007797,0.0
1042826,0.0
1009831,0.0
1017466,0.0
1006041,0.0
1001537,0.0
1024964,0.0
1042347,0.0
1047180,0.0
1001459,0.0
1038818,0.0
1029978,0.0
1048515,0.0460809700623482
1029525,0.0
1013284,0.0
1030662,0.0
1002118,0.0
1045194,0.0
1035732,0.0
1029608,0.0
1039329,0.0
1045829,0.0
1019279,0.0
1036668,0.0
1014853,0.0
1026570,0.0
1047717,0.0
1027633,0.0
1044758,0.0
1007540,0.0
1036955,0.0
1045964,0.0
1011486,0.0
1032536,0.0
1016510,0.0
1038578,0.0
1012675,0.0
1024730,0.0
1007623,0.0
1034916,0.0
1043004,0.0
1017145,0.0
1033851,0.0
1027235,0.0
1029489,0.0
1003423,0.0
1008194,0.0
1017410,0.0
1019790,0.0
1025848,0.0
1017097,0.0
1021704,0.0
1040391,0.0
1020063,0.0
1044297,0.0
1010013,0.0
1005718,0.0
1029801,0.0
1019359,0.0
1004279,0.0
1047986,0.0
1032397,0.0
1025093,0.0
1038396,0.0
1003347,0.0
1002265,0.0
1014019,0.0
1026663,0.0
1042207,0.0
1042379,0.0
1012242,0.0
1039274,0.0
1014093,0.0
1017066,0.0
1045006,0.0
1014313,0.0
1036817,0.0
1039146,0.0
1031975,0.0
1045807,0.0
1038267,0.0
1042315,0.0
1037944,0.0
1022743,0.0
1045762,0.0
1042912,0.0
1026019,0.0
1015960,0.0
1025181,0.0
1000567,0.0
1029976,0.0
1000354,0.0
1044938,0.0
1020486,0.0
1046136,0.0
1047203,0.0
1018970,0.0
1017371,0.0
1004361,0.02449014589078475
1028285,0.0
1030673,0.0
1023724,0.0
1032727,0.0
1044023,0.0
1026533,0.0
1022106,0.0
1034302,0.0
1038442,0.0
1039602,0.0
1019452,0.0
1016967,0.0
1022244,0.0
1047778,0.0
1003009,0.0
1042013,0.0
1002186,0.0
1043894,0.0
1012467,0.0
1026586,0.0
1040721,0.0
1042524,0.0
1013386,0.0
1035586,0.0
1007656,0.0
1034211,0.0
1025749,0.0
1049946,0.0
1000792,0.0
1026420,0.0
1043601,0.0
1042140,0.0
1049795,0.0
1006324,0.0
1025539,0.0
1003414,0.0
1012928,0.0
1039446,0.0
1028510,0.0
1019226,0.0
1016694,0.0
1014563,0.0
1045795,0.0
1027678,0.0
1033820,0.0
1020899,0.0
1028556,0.0
1031505,0.0
1014999,0.0
1019534,0.0
1009661,0.0
1004773,0.0
1013578,0.0
1010495,0.0
1013561,0.0
1009406,0.0
1014640,0.0
1022323,0.0
1049816,0.0337668369695376
1023753,0.0
1037200,0.0
1002102,0.0
1010112,0.0
1005271,0.0
1007998,0.0
1033943,0.0
1022073,0.0
1034559,0.0
1030741,0.0
1025632,0.0
1011516,0.0
1011357,0.0
1021188,0.0
1046099,0.0
1003116,0.0
1004485,0.0
1012834,0.0
1017847,0.0
1019669,0.0
1044640,0.0
1038386,0.0
1044430,0.0
1013150,0.0
1038576,0.0
1049100,0.0
1021828,0.0
1037060,0.0
1042468,0.0
1036022,0.0
1045008,0.0
1025932,0.0
1045719,0.0
1035192,0.0
1028551,0.0
1038177,0.0
1010130,0.0
1037142,0.0
1034247,0.0
1014789,0.0
1000110,0.0603535586565258
1040188,0.0
1039619,0.0
1009148,0.0
1016321,0.0
1033267,0.0
1031865,0.0
1004300,0.0
1037741,0.0
1019516,0.0
1018096,0.0
1041460,0.0
1002218,0.0
1047824,0.0
1031386,0.0
1025705,0.0
1042218,0.0
1014132,0.0
1043507,0.0
1000376,0.0
1032084,0.0
1030557,0.0
1016585,0.0
1028513,0.0
1000727,0.0
1028408,0.0
1030238,0.0
1030369,0.0
1015814,0.0
1018074,0.0
1046432,0.0
1020820,0.0
1022058,0.0
1028300,0.0
1016956,0.0
1003305,0.0
1046937,0.0
1023409,0.0
1044718,0.0
1031604,0.0
1042018,0.0
1000699,0.0
1002512,0.0
1017547,0.0
1033568,0.0
1028346,0.0
1022126,0.0
1024370,0.0
1004929,0.0
1027013,0.0
1028218,0.0
1047928,0.0
1000159,0.0
1041205,0.0
1007876,0.0
1028961,0.0
1027615,0.0
1032545,0.0
1000243,0.0
1031155,0.0
1018726,0.0
1010801,0.0
1036263,0.0
1015761,0.0
1041976,0.0
1031593,0.0
1023734,0.0
1025236,0.0150488018811268
1045788,0.0
1026952,0.0
1009614,0.0
1048807,0.0
1048289,0.0
1004131,0.0
1043109,0.0
1035051,0.0
1046560,0.0
1010593,0.0
1042261,0.0
1035544,0.0
1014272,0.0
1036423,0.0
1009401,0.0
1032617,0.0
1012078,0.0
1038661,0.0
1038762,0.0
1042568,0.0
1029877,0.0
1000267,0.0
1007181,0.0
1008017,0.0
1010545,0.0
1001570,0.0
1048300,0.0
1032591,0.0
1022132,0.0
1009244,0.0
1026110,0.0
1014508,0.0
1013121,0.0
1004699,0.0
1018757,0.0
1038241,0.0
1017866,0.0
1003617,0.0
1023248,0.0
1007700,0.0
1044647,0.0
1019980,0.0
1048172,0.0
1042671,0.0
1035060,0.0375612529163889
1039995,0.0
1019248,0.0
1004473,0.0
1001526,0.0
1045747,0.0
1018304,0.0
1024318,0.0
1012810,0.0
1013622,0.0
1044174,0.0
1042709,0.0
1028886,0.0
1024297,0.0
1048088,0.0
1012420,0.0
1011660,0.0
1023231,0.0
1000827,0.0
1018106,0.0
1002371,0.0
1016822,0.0
1025410,0.0
1049804,0.0
1039032,0.0
1012531,0.0
1010932,0.0
1043235,0.0
1019868,0.0
1017294,0.0
1029674,0.0
1009637,0.0
1021288,0.0
1030845,0.0
1015667,0.0
1022145,0.0
1028860,0.0
1017291,0.0
1017599,0.0
1024580,0.0
1042285,0.0
1018224,0.0
1027745,0.0
1031005,0.0
1005745,0.0
1015637,0.0
1014522,0.0
1040460,0.0946068825918761
1024193,0.0
1010493,0.0
1026626,0.0
1049979,0.0
1021981,0.0
1002717,0.0
1013438,0.0
1024345,0.0
1012232,0.0
1010531,0.0
1004539,0.0
1048646,0.0
1035760,0.0
1048109,0.0
1015880,0.0
1015005,0.0
1031954,0.0
1034550,0.0966890826277201
1038754,0.0
1037358,0.0
1049123,0.0
1011552,0.0
1007104,0.0
1003425,0.0
1001783,0.0
1045584,0.0
1000755,0.0
1015320,0.0
1014251,0.0
1020056,0.0
1028980,0.0
1040043,0.0
1045485,0.0
1018681,0.0
1045658,0.0
1023819,0.0
1011255,0.0
1007323,0.0
1012075,0.0
1030848,0.0
1032681,0.0
1041270,0.0
1023561,0.0
1011496,0.0
1047192,0.0
1037187,0.0
1016677,0.0
1043007,0.0
1011010,0.0
1045721,0.0
1008548,0.0
1017306,0.0
1000956,0.0
1037930,0.0
1020193,0.0
1044037,0.0
1030204,0.0
1017564,0.0
1026726,0.0
1007359,0.0
1014763,0.0
1045843,0.0
1028342,0.0
1002871,0.0
1046267,0.0
1010896,0.0
1023557,0.0
1003977,0.0
1019888,0.0
1039104,0.0
1021875,0.0
1038445,0.0
1042171,0.0
1037057,0.0
1007192,0.0
1049096,0.0
1015318,0.0
1007148,0.0
1004024,0.0
1011208,0.0
1011335,0.0
1012774,0.0
1019647,0.0
1020576,0.0
1046239,0.0
1002053,0.0
1045520,0.0
1016092,0.0
1020294,0.0
1012911,0.0
1037517,0.0
1008993,0.0
1014617,0.0
1009327,0.0
1009887,0.0
1041255,0.0
1033591,0.0
1004380,0.0
1007378,0.0
1024843,0.0
1011645,0.0
1039824,0.0
1035521,0.0
1012588,0.0
1017859,0.0
1007064,0.0
1010019,0.0
1046019,0.0
1030426,0.0
1040612,0.0
1010815,0.0
1048428,0.0
1022857,0.0
1032665,0.0
1021791,0.0
1014318,0.0
1037297,0.0
1016156,0.0
1027734,0.0
1013717,0.0
1043863,0.0
1016976,0.0
1043474,0.0
1038359,0.0
1028525,0.0
1048704,0.0
1004469,0.0
1038273,0.0
1017844,0.0
1012181,0.0
1000737,0.0
1002195,0.0
1021597,0.0
1013164,0.0
1001409,0.0
1033597,0.0
1009126,0.0
1005704,0.0
1034980,0.0
1038518,0.0
1027293,0.0
1007682,0.0
1015582,0.0
1043255,0.0
1002793,0.0
1000028,0.0
1014390,0.0
1028904,0.0
1000039,0.0
1037649,0.0
1046939,0.0
1016256,0.0
1022854,0.0
1025488,0.0
1047568,0.0
1031105,0.0
1024839,0.0
1033184,0.0
1016227,0.0
1028843,0.0
1025406,0.0
1012134,0.0
1047358,0.0
1035553,0.0
1028204,0.0
1029722,0.0
1047467,0.0
1047619,0.0
1041614,0.0
1022929,0.0
1027755,0.0
1015440,0.0
1043149,0.0
1036982,0.0385352160157849
1010857,0.0
1019691,0.0
1017140,0.0
1028108,0.0
1008231,0.0
1029507,0.0
1043429,0.0
1029581,0.02152159104311445
1047604,0.0
1001204,0.0
1032322,0.0
1013067,0.0
1026752,0.0
1001950,0.0
1049482,0.0
1041552,0.0
1048845,0.0
1040432,0.0
1024955,0.0
1029786,0.0
1016340,0.0
1041693,0.0
1037455,0.0
1031867,0.0
1006458,0.0
1039048,0.0
1013649,0.0
1031813,0.0
1030335,0.0
1031812,0.0
1022703,0.0
1041078,0.0
1016424,0.0
1036836,0.0
1033856,0.0
1029091,0.0
1007567,0.0
1031166,0.0
1036153,0.0
1003120,0.0
1039462,0.0
1011814,0.0
1026426,0.0
1046709,0.0
1006371,0.0
1039092,0.0
1020989,0.0
1008150,0.0
1001749,0.0
1036475,0.0
1043670,0.0
1008181,0.0
1040449,0.0
1021933,0.0
1007308,0.0
1042303,0.0
1021130,0.0
1016087,0.0
1034776,0.0
1016483,0.0
1040852,0.034648650299013
1037565,0.0
1019999,0.0
1017925,0.0
1009088,0.0381659966246066
1017442,0.0
1016842,0.0
1012828,0.0
1024004,0.0
1049314,0.0
1022753,0.0
1033283,0.0
1019287,0.0
1048449,0.0
1019085,0.0
1032377,0.0
1041676,0.0
1003450,0.0
1010922,0.0
1032577,0.0
1000429,0.0
1044303,0.0
1042758,0.0
1026716,0.0
1002229,0.0
1030850,0.0
1049381,0.0
1002103,0.0
1038407,0.0
1003870,0.0
1009304,0.0
1014385,0.0
1029199,0.0
1043357,0.0
1030995,0.0
1008787,0.0
1049766,0.0
1049583,0.0
1036915,0.0
1026686,0.0
1006881,0.0
1007309,0.0
1037259,0.0
1011667,0.0
1016045,0.0
1009790,0.0
1043671,0.0
1041483,0.0
1015534,0.0
1045357,0.0
1003754,0.0
1002443,0.0
1008555,0.0
1045096,0.0
1046281,0.0
1016569,0.0
1022042,0.0
1041584,0.0
1010787,0.0
1013375,0.0
1009086,0.0
1010315,0.0
1020040,0.0
1043714,0.0
1025008,0.0
1047104,0.0
1038329,0.0
1030534,0.0
1029291,0.0
1009326,0.0
1004521,0.0
1011304,0.0
1002699,0.0
1035283,0.0
1033031,0.0
1022438,0.0
1003085,0.0
1016185,0.0
1027377,0.0
1033378,0.0
1047229,0.0
1030889,0.0
1020116,0.0
1046766,0.0
1036662,0.0
1032444,0.0
1039518,0.0
1022877,0.0
1032206,0.0
1025760,0.0
1003140,0.0
1001102,0.0
1018731,0.0
1031549,0.0
1048062,0.0
1022913,0.0
1048730,0.0
1048217,0.0
1021477,0.0
1004505,0.0
1035823,0.0
1025819,0.0
1020597,0.0
1002900,0.0
1046834,0.0
1027372,0.0
1033192,0.0
1031269,0.0
1009774,0.0
1016807,0.0
1046951,0.0
1047842,0.0
1000141,0.0
1030017,0.0
1049972,0.0
1028206,0.0
1009354,0.0
1018684,0.0
1009676,0.0
1042086,0.0
1030458,0.0
1046471,0.0
1022174,0.0
1015372,0.0
1012601,0.0
1016043,0.0
1027512,0.0
1003737,0.0
1033263,0.0
1036350,0.0
1011229,0.0
1040085,0.0
1013241,0.0
1001072,0.0
1045289,0.0
1004523,0.0
1032209,0.0
1044260,0.0
1044901,0.0
1016834,0.0
1008873,0.0
1005827,0.0
1025551,0.0
1019242,0.0
1019791,0.0
1001846,0.0
1025218,0.0
1002052,0.0
1034611,0.0
1039572,0.0
1004896,0.0
1003672,0.0
1032856,0.0
1032872,0.0
1000904,0.0
1049591,0.0
1048531,0.0
1034318,0.0
1042639,0.0
1011264,0.0
1046387,0.0
1035851,0.0
1004010,0.0
1041988,0.0
1007105,0.0
1014086,0.0
1045869,0.0
1016400,0.0
1022180,0.0
1041585,0.0
1023100,0.0
1035212,0.0
1003314,0.0
1004774,0.0
1018429,0.0
1003409,0.0
1049940,0.0
1022942,0.0
1003244,0.0
1017627,0.0
1039408,0.0
1038809,0.0
1045638,0.0
1032063,0.0
1018637,0.0
1018957,0.0
1032508,0.0
1045416,0.0
1018298,0.0
1034492,0.0
1020078,0.0
1048059,0.0
1042546,0.0
1030285,0.0
1047721,0.0
1028377,0.0
1037238,0.0
1038110,0.0
1020381,0.0
1021902,0.0
1029167,0.0
1018976,0.0
1037302,0.0
1021553,0.0
1041216,0.0
1010524,0.0
1003398,0.0
1038119,0.0
1000341,0.0
1025469,0.0
1035389,0.0
1012766,0.0
1010470,0.0
1010397,0.0
1013108,0.0
1023144,0.0
1010662,0.0
1030696,0.0
1005637,0.0
1021176,0.0
1046963,0.0
1042861,0.0
1049344,0.0
1032902,0.0
1048713,0.0
1003300,0.0
1030199,0.0
1049282,0.0
1047021,0.0
1011009,0.0
1041495,0.0
1027606,0.0
1036118,0.0
1015252,0.0
1011401,0.0
1015736,0.0
1001400,0.0
1022790,0.0
1048702,0.0
1043840,0.0
1042901,0.0
1036878,0.0
1016148,0.0
1009935,0.0
1048102,0.0
1005319,0.0
1010309,0.0
1024168,0.0
1042073,0.0
1019215,0.0
1046634,0.0
1047925,0.0
1027947,0.0
1007605,0.0
1003530,0.0
1021290,0.0
1009298,0.0
1044234,0.0
1000688,0.0
1013553,0.0
1000369,0.0
1012439,0.0
1038023,0.0
1036299,0.0
1049683,0.0
1013961,0.0
1029329,0.0
1008725,0.0
1014512,0.0
1024159,0.0
1010040,0.0
1006920,0.0
1033352,0.0
1038265,0.0
1036934,0.0
1022794,0.0
1004863,0.0
1027696,0.0
1011294,0.0
1045509,0.0
1040513,0.0
1018321,0.0
1047656,0.0
1048176,0.0
1039989,0.0
1048948,0.0
1048677,0.0
1036760,0.0
1016428,0.0
1022003,0.0
1017284,0.0
1047762,0.0
1027970,0.0
1041990,0.0
1021605,0.0
1006934,0.0
1044867,0.0
1011078,0.0
1024853,0.0
1041218,0.0
1020686,0.0
1018820,0.0
1041608,0.0
1022032,0.0
1006569,0.0
1015016,0.0
1025382,0.0
1047541,0.0
1035663,0.0
1016651,0.0
1024140,0.0
1014316,0.0
1012946,0.0
1023930,0.3121173784573575
1047759,0.3158546435996072
1047669,0.3101637879372605
1017173,0.0
1019544,0.5848513107895005
1036106,0.3875400721649928
1043358,0.4007754113032166
1019710,0.341770519192218
1048152,0.1511121362470249
1046111,0.3554559664699364
1020932,0.4938810388712337
1002413,0.6117159524244694
1011934,0.3247765212251214
1009408,0.1802892679550022
1033583,0.432789024392341
1030357,0.5799010929225819
1018505,0.6712117424564294
1026043,0.1525432393872136
1044404,0.498354606499674
1023850,0.6261786818504333
1026183,0.3024660656886832
1035884,0.1747489288958768
1040701,0.3225833607410317
1022972,0.2919100463656958
1022023,0.3109030455684463
1037277,0.49789460003376
1047338,0.0469397106207907
1007238,0.3414441785627251
1043332,0.6799900010228157
1046418,0.2423595502091232
1041903,0.3942388963520943
1018512,0.1509018909445585
1014306,0.2071622489179195
1040977,0.3658907607477043
1035734,0.2778699046877763
1040728,0.1891298134006176
1019069,0.5154786686154358
1041166,0.1813738295208267
1008164,0.5166554972529411
1043927,0.1677383592249075
1024398,0.1077976915985345
1045922,0.6142521811001367
1002263,0.6134630814194679
1009819,0.1209980809388837
1025725,0.5200021739189764
1031970,0.1335308477282524
1039155,0.2838098876325029
1011497,0.4264958919723902
1009834,0.280382495007593
1017174,0.2909221214040558
1047924,0.1820615975220127
1044992,0.2056019197924388
1001488,0.3495920385776582
1029657,0.1848587445388519
1021900,0.4238216837572798
1025134,0.2132314763786529
1014618,0.3102031966312171
1003535,0.3567588383673142
1034152,0.4543871947300021
1042718,0.395630998539125
1024757,0.0
1008085,0.1447880242442933
1006486,0.1807277048099168
1007830,0.5154753585994654
1032904,0.461677849022808
1024111,0.2960445464061638
1048195,0.1335566137943891
1003144,0.6001461995645099
1024473,0.2299193562954018
1044352,0.4297740842276125
1020329,0.4018222313018851
1029160,0.2150379522804387
1039908,0.2580160982906818
1048261,0.2404477530479862
1027904,0.4631723750678356
1038726,0.1600405558963407
1017584,0.3180257860069345
1039785,0.1308968688187584
1003462,0.2358635385070581
1036347,0.1598893594536726
1024802,0.1515616560491691
1040466,0.5273235851835458
1023822,0.2066022079478608
1035794,0.2422907430639191
1021910,0.5142840474744569
1015492,0.04994714137360515
1036104,0.04451950173825025
1009835,0.161173610019063
1012571,0.4095104874037353
1004310,0.6125463706608425
1027213,0.5462650549847143
1004994,0.2417742397681228
1041387,0.2112131104274792
1002908,0.5201720980396406
1049271,0.3470533286425739
1034549,0.543422730600805
1015879,0.0
1029705,0.0993153167449955
1039826,0.4369361883650122
1048284,0.5051045343279839
1043644,0.1657048631459474
1006020,0.6056992464771588
1019105,0.3283988378018104
1029873,0.4011989337803348
1009162,0.2811155678413555
1020249,0.1031594508594079
1048935,0.1620106268674135
1018249,0.1395211834460497
1025003,0.4720741818014042
1037722,0.3835535660224494
1042522,0.2222865461947868
1049575,0.1104526066543807
1005571,0.4393994791572717
1049839,0.1889063157141208
1010809,0.5589101612567902
1022747,0.3398556042801396
1025618,0.5034831824778394
1000160,0.5393282994627953
1026468,0.1919774383336455
1040117,0.1876448125806319
1031711,0.2789292700405284
1001346,0.5209469189706063
1044410,0.6601680517196655
1009469,0.1648324467881381
1005984,0.1805143827218835
1020565,0.5475491482374896
1036738,0.3877450945887474
1010073,0.5593153644360702
1023925,0.4599293421273722
1046934,0.2946423562800905
1045625,0.2711231817860478
1034633,0.2529790442012339
1007073,0.4674118295909535
1038275,0.2697275272963812
1015399,0.2986101336888058
1025877,0.3160519215306829
1016830,0.5846757590770721
1020436,0.3237658631760572
1017380,0.2792442561103992
1021723,0.04347225820474235
1038219,0.2342254764846947
1019810,0.2685954851990926
1037295,0.1639426450587118
1002906,0.2253290409294905
1041892,0.2949997556008629
1035935,0.2471454094614428
1040864,0.5192494692952023
1034258,0.1775036379694938
1027923,0.3334707206178522
1011539,0.4311499950748139
1001039,0.5994055897676728
1005346,0.6418710798025131
1025170,0.1791335559547059
1014903,0.2068950449858317
1035867,0.334756262478963
1003668,0.3425129710110556
1039434,0.3395654090132932
1020509,0.3339568817556494
1045842,0.6168358955143338
1014217,0.428276672951986
1007891,0.1177843216196414
1049404,0.2889299440064226
1030201,0.5056764110922813
1010798,0.1978469716155628
1008319,0.2179728760231378
1023465,0.3384369344316723
1002437,0.5382105161571303
1001243,0.125922592356801
1036329,0.6474466472864151
1018826,0.5342870876193047
1043075,0.6103363562425957
1043608,0.2766228007843657
1000558,0.1587800963154362
1012624,0.2094688375472419
1024104,0.4722486790552498
1011256,0.6375176717527763
1021056,0.4176342946160907
1032981,0.5370933771000619
1003194,0.4924336631779734
1005289,0.7000240495023831
1032677,0.104397121573653
1044047,0.3776093151185232
1035620,0.3219650446674306
1023168,0.3687569742545881
1002011,0.1319290870684904
1021627,0.3102754705206916
1038004,0.2996229896015621
1048365,0.3187877941596856
1032855,0.4725771801247757
1024327,0.1219921005835689
1030174,0.4472706059594138
1000971,0.3430131155973731
1006539,0.25919336351967
1036406,0.3747104096794168
1007348,0.5020084008574486
1001893,0.2221749087434632
1024071,0.6151128618596612
1009950,0.3022100458362486
1011046,0.2013883698156118
1039809,0.334371016790588
1021282,0.7098739147186279
1048265,0.1599523145705461
1035183,0.2211110079316342
1024248,0.2958846766096786
1026459,0.2137369103729725
1044920,0.374558189041061
1024763,0.3996864818911646
1035172,0.169993844399166
1008331,0.2003348512830226
1023570,0.6083966344594955
1040089,0.3036075392811308
1030628,0.1593965801225882
1041957,0.5599840013351474
1025993,0.3254851980223441
1043179,0.1649575880422722
1016853,0.393343347909688
1002420,0.3273812457119223
1036502,0.1690268757180217
1030374,0.2506691473557132
1043041,0.1381304559366293
1003808,0.2747249774323998
1027953,0.2462161801454002
1017137,0.1716415153375251
1019965,0.3631123860969824
1024197,0.4590284143238317
1000974,0.5095410163025664
1039823,0.5079610720276833
1028812,0.5127908206156111
1034761,0.3066242785781619
1025009,0.5704138875007629
1035621,0.304411966867163
1017389,0.4975774802460063
1040931,0.3228098183073213
1047600,0.7168159186840057
1023371,0.2608490204711686
1048025,0.3625729365638236
1024496,0.2347774334642968
1040173,0.6126372069120407
1042531,0.04384024906903505
1006960,0.1749359090607427
1000509,0.2469056563882178
1011918,0.2211025479782546
1014907,0.3068546348717454
1004450,0.1996302535227244
1049739,0.2604310233464606
1042010,0.5567916855216026
1012799,0.190289353397573
1019646,0.3741844157055892
1034313,0.2537841033599294
1002632,0.5288340842886254
1005699,0.3005845528002107
1035165,0.02988493180973965
1040523,0.5221647845467833
1047069,0.2889686182672949
1034073,0.1510178124561605
1010091,0.3641779746378073
1029936,0.0489003267139196
1002561,0.2348455169051208
1021631,0.7110242545604706
1027928,0.1462163822261925
1025389,0.5649207904934883
1011040,0.6519476994872093
1034013,0.4816934832166075
1028364,0.3007012603729285
1003176,0.5055889263749123
1045951,0.2878820802926633
1021102,0.095393905416131
1033557,0.4915731388390036
1045774,0.3195646798515263
1036346,0.5131623823340564
1021205,0.2714110762354045
1033527,0.2332892512245943
1047898,0.1241145366325031
1005303,0.4628418311476707
1008564,0.1302100489024367
1012118,0.4661884220452068
1020130,0.1029164120554924
1048049,0.1031254303187485
1049414,0.1874801695034539
1022592,0.1860259707961087
1013521,0.6097263808073063
1024587,0.4435971975326538
1040498,0.1560682862758259
1001560,0.4821899890639021
1014463,0.2247449780985377
1022859,0.5612329258843696
1000641,0.2172502447765998
1015693,0.1730192733083827
1044965,0.4234101413219768
1012844,0.2929481032544671
1035536,0.2901234467380886
1037663,0.4406580006105607
1042632,0.5617404756021156
1019307,0.2301175173242777
1001246,0.3177602173536321
1014200,0.6575169861316681
1025129,0.1573926795870987
1006132,0.2910897537514522
1005113,0.6277570447987134
1011061,0.0
1026374,0.2283704714887148
1023791,0.7859122157096863
1024150,0.4145903373501639
1042470,0.3003732757900094
1041150,0.5537759736180305
1043508,0.1046963748666737
1030258,0.660370297729969
1049947,0.3347100965653452
1029230,0.4313796617770178
1013363,0.5237385113465198
1021638,0.2072555646300315
1038737,0.2077000843715155
1017819,0.1653524462628744
1029037,0.2734987363854494
1034084,0.4189183112880701
1027985,0.10520109491571
1028118,0.2261966871808907
1014294,0.0351552656108383
1007706,0.5881525068163148
1004411,0.3158518017935575
1009395,0.5990842506289482
1032527,0.1327278983945111
1010377,0.4025491363350568
1036683,0.5308389506401955
1011263,0.1941532026289214
1047583,0.6010851047978071
1028552,0.3806282272092259
1020971,0.4848125738823438
1038817,0.4152995251024819
1013380,0.6457346311717245
1024653,0.3054898791015148
1040810,0.1452928827166876
1029782,0.2210805618839941
1003145,0.6281977817416191
1020669,0.2228396653500492
1036144,0.272670959658674
1029537,0.2906531483803639
1017524,0.102371921762824
1029980,0.2994590622945171
1022888,0.4683174597863272
1013314,0.1020732745528221
1027946,0.6391624137759209
1021195,0.3099347643840957
1042034,0.2964236083521142
1035781,0.2569026075395056
1047366,0.212719557462808
1014619,0.3918522002780058
1042485,0.3133820510482226
1042259,0.1367591939525597
1004178,0.1194054332318511
1048310,0.4933089546145349
1004717,0.573600234467049
1009566,0.4495588923113305
1015665,0.2327202682981647
1019568,0.2641754227938383
1040437,0.501711663974246
1043032,0.321371032325971
1048144,0.371667207891472
1022405,0.3084642695166315
1029842,0.3691696865769727
1049542,0.1981293402192757
1035273,0.6052421529460565
1006612,0.5298925038551096
1020508,0.5648574978113174
1025633,0.5727222859859467
1027218,0.2126688134891833
1044643,0.6439768970012665
1043528,0.116607856066944
1036037,0.4938300567157853
1008337,0.2151977792455832
1007147,0.3588336522335251
1044789,0.3323642760515213
1012865,0.5353616401553154
1020365,0.496415482522588
1016397,0.2595851022469993
1042957,0.2126054100307797
1005155,0.1968247260899429
1023936,0.04310106506341255
1009805,0.1885409963673206
1010338,0.1366979141601937
1038217,0.5573907791798927
1003519,0.5006818175315857
1048419,0.2778139717015551
1045429,0.1437559424331647
1011671,0.3776269091194718
1011910,0.1567199140994068
1004461,0.3687765747418233
1012957,0.4574211111643279
1022715,0.3846932245925103
1016681,0.02999834616279585
1012347,0.605281226336956
1029388,0.5490122698994755
1025680,0.1773363089060226
1024281,0.4493939578533172
1038881,0.349944738402879
1024452,0.2250065678936423
1029789,0.123084694155487
1019147,0.2244717660614717
1013131,0.3235424373793814
1030877,0.03897053629107325
1046927,0.1625268999487161
1036790,0.2294190327382102
1048018,0.3359947058686359
1047488,0.3597156913924254
1012885,0.5201897844672203
1020760,0.2392282491436841
1041587,0.685100793838501
1011572,0.2821085618447874
1037926,0.3474826547882816
1007417,0.4821829455877009
1001576,0.1874813253371444
1043942,0.2125376327405479
1016538,0.3765743381527618
1010440,0.647196464240551
1037753,0.3339526701735636
1048970,0.2488533842690473
1034705,0.1836871095588785
1000846,0.3684127075592989
1044453,0.35731912940518
1025097,0.262553031220506
1048440,0.2580711421028703
1006817,0.1373622281809456
1026329,0.1867483035474977
1044895,0.5613457189723391
1032240,0.2821446446140121
1045083,0.3473286918620279
1048417,0.2790988988358767
1038598,0.3174915821643037
1024272,0.2085921849473428
1035580,0.5237341842593135
1032658,0.3172473761329379
1013979,0.1848786455194901
1024865,0.1633009150461625
1005499,0.25733465677924
1012315,0.6935435831546783
1022135,0.2730998864376143
1039522,0.1190362735713979
1028723,0.0442845169454813
1002146,0.2139335977893656
1036599,0.3208999203264561
1013832,0.4640979067121918
1030468,0.2225765526041959
1008287,0.02958648465573785
1048005,0.3182449740594366
1045633,0.4884843703721154
1047141,0.4780197212789536
1003021,0.1109985256120977
1034773,0.4602818838257579
1043048,0.286326517164496
1009277,0.2741209728402178
1031928,0.1949655920683081
1015790,0.232971681300965
1044280,0.3419255764289043
1011122,0.322981136601259
1040679,0.2498761319109644
1003992,0.2705843035530109
1026307,0.3455757579566296
1020784,0.2815577503642045
1010127,0.2164657209373175
1012151,0.4031500710928513
1046749,0.1300105503652774
1043353,0.6988076418638229
1033684,0.4627409152730185
1010909,0.229284436264797
1031875,0.24643955192741
1041392,0.1176557093858718
1036159,0.2532504161457949
1029161,0.1717570000860948
1030967,0.2950927847455887
1004765,0.46557474390405
1019518,0.555705689679499
1022926,0.5543645846689974
1014388,0.2826717425924248
1032921,0.5347583964467049
1045179,0.2996545662153397
1030400,0.1709273806342071
1042551,0.1856453416927324
1040250,0.3924634340590267
1045976,0.4876968637214607
1022709,0.3642925123162969
1040560,0.1981398421961654
1043954,0.6022026944359765
1026244,0.2875039704489864
1023279,0.2022970967744435
1041164,0.1664779707789421
1021413,0.2346639446914196
1008870,0.3142317628433656
1006810,0.6231851541795387
1008465,0.4263941871552591
1009921,0.2022284753620624
1023885,0.1939731395621397
1016191,0.4060355893637506
1022725,0.3150780140576006
1014949,0.5667152891924286
1034519,0.3026926055532029
1047741,0.6844337582588196
1037489,0.4087396179584321
1046847,0.569607233426961
1030355,0.2596543638439925
1015981,0.1387006295733724
1035864,0.3398309061943417
1010118,0.2394607474253292
1031686,0.3387847438025571
1019731,0.3221318759373657
1015392,0.5655468128597847
1038040,0.381544388210958
1038865,0.518398283280007
1015728,0.2813763764843821
1018848,0.4547154457051654
1044115,0.441069901841177
1024245,0.3502485684091248
1017388,0.5799269378185272
1000022,0.3739856950438455
1041554,0.360502360635813
1007807,0.5076707339046455
1039384,0.3159292014909913
1048089,0.4871509522132356
1004655,0.2992646351735469
1030148,0.321202928863649
1022726,0.524592044331722
1037286,0.300207865386508
1037776,0.1466729419934944
1020960,0.3991240792513078
1021844,0.4854299324277611
1010401,0.1867518785748771
1001900,0.2254301423838516
1007860,0.3312941350725909
1030392,0.03007172013466895
1037504,0.1516953776027359
1006779,0.2998972223885423
1003655,0.5203580756665718
1047603,0.348185931841238
1019001,0.5073214979688543
1007282,0.394354099327704
1006464,0.3301433473825454
1040311,0.1631680927633139
1024826,0.1933714072981043
1020081,0.5795211791992188
1049317,0.2687829891646698
1028795,0.558902900959435
1049843,0.2078075348097028
1022465,0.2884689457034341
1029361,0.5520543464413847
1040684,0.6406567543745041
1008521,0.2536920092510352
1039150,0.2341746039689274
1011292,0.1659107874894583
1034647,0.2737981416285038
1004161,0.4450872196354393
1036512,0.6429678872227669
1028304,0.5681590065360069
1030750,0.2219910807725831
1040640,0.2551445551216602
1024968,0.2454473953135694
1039184,0.2250973105619986
1000006,0.3557802530438481
1037207,0.4858538391135932
1014950,0.2815489068280212
1045962,0.0
1024507,0.1423969653332152
1041037,0.2813200740792849
1031366,0.2412042166017767
1041116,0.2236404352417938
1042128,0.1262036087629918
1044798,0.496090234709329
1049750,0.5802776233644444
1015351,0.3248753264351735
1030709,0.3275533701852037
1035146,0.2115758109118192
1022496,0.4801190062599088
1010378,0.0497494542930505
1014988,0.1096407558224841
1034244,0.2232715485885715
1018690,0.04557947535067795
1020875,0.3292821911833516
1015123,0.2390667860418786
1009754,0.1303580086678266
1004467,0.6489483236330542
1033988,0.1792331842127284
1030884,0.04497245140373705
1019203,0.3337458917798502
1042460,0.1915119756013155
1047499,0.1530852274862675
1011241,0.3282129757559018
1006583,0.2990789997302434
1016563,0.6448478292740777
1025594,0.4452576198173098
1047480,0.5981821268796921
1008381,0.1247817707674804
1013018,0.2268229228027127
1018433,0.1475355071607771
1012092,0.1310725502408457
1039187,0.1507243371391907
1030617,0.5304410631425769
1044069,0.5931956653535876
1015121,0.1622235148326831
1042502,0.2835769396841167
1002084,0.04111206129880465
1025552,0.2510951895403215
1036195,0.6276963278651237
1022121,0.3524168374974392
1045046,0.6986172795295715
1043749,0.3073554022939031
1001077,0.3033025898039341
1000333,0.2159870043396949
1030396,0.2042772277114442
1041843,0.111817181110382
1013384,0.5134785956575239
1026748,0.146973330527544
1045125,0.2751464137426613
1013325,0.03222441335810655
1034811,0.4869258494306756
1025203,0.3377335171593913
1043210,0.2746894942697501
1049561,0.1470960944816648
1036110,0.486293192923063
1033141,0.3064175732752886
1033686,0.3952541632754385
1035528,0.2507981851728589
1013564,0.747873842716217
1046355,0.405761799381412
1020866,0.1285359431058168
1017148,0.3360875712841323
1031489,0.2917148060488561
1031111,0.2608507820678503
1033702,0.3216402105390704
1034456,0.2540910898772806
1007533,0.5417921766638756
1015715,0.1583837255050314
1023602,0.4385579148049864
1007422,0.1024230859601424
1019909,0.1028844123152389
1002141,0.4372979759531367
1014843,0.1287630635737064
1000438,0.3754475394439959
1028954,0.0454683560712363
1009045,0.1978763876320349
1015474,0.5213206773618219
1033345,0.3349446546647186
1018633,0.6284570001315998
1048137,0.3081416721422194
1007454,0.3213580204845976
1021686,0.2539296358004687
1045400,0.3604723861793476
1034128,0.4222293833674315
1025585,0.2751213823279611
1031297,0.519954980184969
1000029,0.6769435554742813
1035265,0.3712400206446898
1027456,0.2898769717258442
1026496,0.1199004690999931
1017176,0.2792315933951226
1037257,0.2822281493068868
1030955,0.5729726906250159
1036525,0.2477301603473075
1012870,0.2354230652937471
1014174,0.2862367942171607
1038689,0.3217605053283255
1039365,0.2289355993334627
1022104,0.2411779776107257
1027210,0.038502792827785
1006544,0.1069476425856188
1010663,0.3053005306770431
1048686,0.6571152015959608
1031766,0.3228401106965834
1018543,0.2560956230025478
1048325,0.5346276877200633
1020585,0.03721241752314715
1036257,0.2363344603012935
1012460,0.0343656501637935
1005251,0.1159770879894495
1023190,0.1116972690498337
1034733,0.3023258035319371
1015379,0.1106933951377868
1004757,0.1891168989241123
1001130,0.217966977558538
1039400,0.1899148597072241
1024279,0.1190567752633216
1000432,0.2765112078790543
1006396,0.4845519525149322
1012140,0.189518056180741
1032090,0.1404320131987333
1012444,0.1101201437528168
1023094,0.1685456605943957
1026728,0.38814662634312
1009468,0.2184947291292873
1003817,0.4788038652113416
1045568,0.3611876359406361
1003852,0.2113723270595073
1039870,0.118557135628132
1028778,0.5014326593916942
1042794,0.3057700956567958
1023945,0.2198858095487797
1009665,0.4842354463306695
1034331,0.4503098269059757
1043477,0.3016521263668005
1046377,0.2012005891805964
1023269,0.4904087899261989
1014700,0.2774344644605961
1045396,0.1200363776359138
1019056,0.2140067709168619
1011939,0.2292588917450633
1038912,0.2897620572662636
1002309,0.1518095935066007
1030498,0.3660096546509802
1024897,0.3310050480397525
1011743,0.6298873435150798
1004545,0.579548642039299
1024437,0.3122432106207257
1020288,0.2366908532080897
1024306,0.3224419641318768
1045402,0.2835696701486299
1015548,0.1591509127566074
1008859,0.2783035927823871
1007739,0.1741547124865957
1010537,0.7771170437335968
1030328,0.3476370499975649
1011266,0.0
1029856,0.1029375941435964
1030690,0.6039143279194832
1000999,0.2654056859324148
1035643,0.2115376237983634
1015431,0.6002229899168015
1021977,0.3125687931352337
1042042,0.3069487314980743
1033930,0.4853611929034364
1026552,0.5840416206076448
1016539,0.04021926647366255
1031277,0.6037630451029099
1036497,0.3085353103685488
1041551,0.5175768268573345
1049075,0.5203528282990315
1027358,0.4518243968486786
1034072,0.3672838832332006
1018859,0.3666829771161849
1024073,0.2941939765816623
1016888,0.2269438447481401
1015341,0.3886800611628989
1006534,0.257871241477516
1028195,0.1394096240091504
1041885,0.3112197018069084
1008393,0.1861031578741292
1048251,0.2722340430388932
1021629,0.1256815593549028
1035314,0.5258200439386331
1033231,0.2641351729007916
1001727,0.3164738912516691
1013899,0.1104448419064283
1024409,0.2889637967679268
1003574,0.2455221512338134
1032208,0.1562783523839379
1022179,0.5757144549184632
1030502,0.263398743559283
1018411,0.3202589129117195
1012914,0.4701335020041837
1034871,0.3786016553640365
1044713,0.2675087184677133
1028347,0.2395878349616053
1001756,0.4833578882337273
1033861,0.4073155740377689
1040461,0.3742884611868301
1024186,0.460746316357077
1021065,0.4715925984831525
1020758,0.3173248100960584
1012099,0.1285181562112595
1021044,0.4593621689940972
1035948,0.3200583210270101
1007125,0.1708624400198459
1029921,0.3528523925505319
1011101,0.1303365099203661
1019409,0.5411175736261382
1020806,0.4477374307423734
1020634,0.0339047173038125
1018319,0.5995751845992756
1048342,0.6944675147533417
1040371,0.6269182711839676
1020797,0.3017140176189257
1036674,0.3595334774960139
1023250,0.2186192233176426
1029290,0.4052220796277367
1032599,0.4177245744238859
1037971,0.5173138752579689
1044117,0.6708073019981384
1025019,0.2990898089305824
1033103,0.6307000339766206
1047258,0.503656178603352
1001994,0.118170936579264
1039331,0.1419873181730508
1004640,0.535353510980448
1009495,0.1206210951812587
1036740,0.04902920200071705
1036242,0.4373974847749495
1041141,0.2158113916446117
1035296,0.1699125138249658
1034308,0.2906106054020137
1008862,0.1152971405535936
1003290,0.47323097893217
1046333,0.1620619113090846
1032615,0.1039261375839869
1045219,0.1296028527658606
1037810,0.1783552829872099
1041878,0.02800196362659335
1022803,0.2010430374459923
1044764,0.2917230603873219
1000920,0.4791174578225078
1022577,0.4782190173864364
1019786,0.1927379661540277
1011799,0.0642806176781137
1024514,0.0437974156811833
1029003,0.0
1044951,0.04544871393718335
1006830,0.1395525727421045
1004789,0.048341926279234
1022850,0.2197202772938376
1004661,0.494059021752674
1000015,0.4976775003675768
1029934,0.422821784005929
1026814,0.2191539145147024
1023135,0.5166349352771955
1036327,0.2417347244918346
1014382,0.4410083857828637
1040780,0.3993305273009492
1012728,0.1628072011138127
1002555,0.0468301053720591
1032773,0.1423043770264824
1031804,0.3307646510380539
1014468,0.259669599045691
1036432,0.5244927948160505
1001924,0.4931897252240156
1030739,0.1446240432560444
1048414,0.4272233284583956
1004784,0.5315166982889517
1031671,0.2969097903963447
1002020,0.3332854814358759
1013988,0.2169144068967751
1026781,0.2726757382406138
1036911,0.2338730030995475
1035317,0.1835816174506347
1019139,0.2725019554916167
1012590,0.2028395840186326
1017802,0.2931172110967562
1040046,0.3387605012644943
1034262,0.2195645447340111
1023447,0.2881496950068958
1043587,0.1757936510076481
1005665,0.2860276304830897
1040164,0.3128782310539081
1007119,0.02849068726843285
1031181,0.5192573320285758
1042213,0.2307395427166871
1015099,0.4400148557495195
1032531,0.1754146590828895
1021331,0.2628776010231103
1047993,0.2732483981859541
1008019,0.1524860553065567
1041494,0.2489685143139011
1025039,0.2504791282117367
1041558,0.205006806536925
1027282,0.6202268898487091
1045126,0.1626806126230491
1025834,0.04112431965768335
1042525,0.2945834493635275
1043351,0.2842611084211712
1025943,0.1984762586653232
1026469,0.2908168724067544
1002491,0.2068840588267534
1001261,0.6169182455867736
1024642,0.1581329451492929
1036588,0.455688854772773
1023516,0.2945430011588525
1017236,0.2903859027134391
1005100,0.5370463587609092
1021037,0.1950844426531429
1034280,0.3307515226234197
1023990,0.2241566049235314
1043464,0.04183345148339865
1046164,0.4810824278876074
1007486,0.1154313353712195
1014455,0.4623035929454383
1008779,0.2712221997088316
1038793,0.2896745041931226
1041820,0.3012781656500594
1017344,0.0
1044449,0.1183547826431703
1002104,0.1119721389388165
1010360,0.2660242996758056
1036985,0.2980298840675935
1002440,0.2144354397000429
1010744,0.2218690252306402
1000186,0.287696977511751
1010034,0.04589408449828625
1045597,0.0447625312954187
1016919,0.2658370298247629
1008833,0.2416426777147219
1023337,0.4050003620245898
1043490,0.1777089566722733
1035195,0.1165803495325793
1002370,0.1343686338514089
1042745,0.5503880102376458
1022939,0.03964873988860685
1007388,0.22944052649691
1014299,0.3851424525379932
1049635,0.1993582186077969
1040607,0.2618837514470102
1000501,0.6200061821510608
1014381,0.3666476919510015
1046735,0.6757122948765755
1022511,0.6080190017819405
1002978,0.3891003458237764
1035143,0.4798553475979049
1048809,0.2222828343510627
1018567,0.5568213239312172
1019103,0.164510120800536
1045580,0.5104158288200149
1013684,0.317609878690975
1017078,0.2431919375384913
1036137,0.1680486180384741
1035897,0.3905149642975435
1023459,0.1952758325484101
1014049,0.2423739652714987
1015261,0.4809099001042253
1022986,0.2142910492335839
1015407,0.3170217819222927
1004167,0.5969647541642189
1025644,0.597731782657946
1029286,0.1590909141807502
1012387,0.5323595750093965
1045678,0.4473814357089695
1002614,0.3653033775497574
1004257,0.04234114602727945
1002807,0.3951158824515361
1022710,0.1664577198154913
1005063,0.2584590006536403
1034358,0.3489734452817218
1045310,0.3455413731250515
1013417,0.5581974983215332
1045874,0.3477999607302662
1042438,0.5109074999735218
1026419,0.4031173690554702
1024019,0.324446251053724
1034913,0.5060166428116873
1045089,0.6429979357886424
1019387,0.4907329034620441
1048576,0.2299765654089619
1019251,0.2074051250363495
1017491,0.5765300393104553
1039344,0.0843476992096982
1044628,0.0457739644324647
1042766,0.0314660198808752
1007187,0.638316385447979
1009449,0.5028349729070647
1016390,0.04670435935258865
1023992,0.306405759903993
1037317,0.0319811641036206
1008584,0.1241262550121929
1010460,0.3439775519073009
1034467,0.5060339220419731
1042612,0.4573335264230669
1008489,0.2957420273990742
1046707,0.2313811324036678
1030814,0.6594906151294708
1049911,0.1452684748146485
1014773,0.4386300914955507
1004354,0.2900656479853901
1042742,0.1369578081301872
1038306,0.321798445198136
1033524,0.6608826757508313
1024967,0.6303921937832087
1010726,0.4801101332401388
1013759,0.1954526454175207
1013608,0.6957616657018661
1025820,0.501305225459296
1044981,0.03373724667051435
1007574,0.141327992278362
1041256,0.5331752579409318
1033760,0.6087927811804279
1019398,0.2573110127705919
1018803,0.1525828689960102
1010131,0.526612491862586
1025058,0.5702784960556976
1002277,0.5091358448584307
1004259,0.04790546558797355
1042491,0.03996956846039475
1000902,0.2789067132078148
1041671,0.3070411793887615
1049892,0.295484573839136
1048946,0.04073684043847335
1031413,0.1475489581414204
1038971,0.1172973669795448
1039634,0.1834224527371413
1021579,0.4439809620380401
1034620,0.3088052553990749
1028655,0.4539860857291787
1036495,0.1363256406038999
1018030,0.5757228392787131
1020854,0.2427969457579918
1003160,0.255877659971502
1024934,0.23675776794529
1048204,0.04335153475403785
1030153,0.2469820452680391
1037947,0.3193697962141003
1008756,0.1361410039117815
1035321,0.2820478135330425
1023638,0.159319857668065
1013594,0.2719969540688576
1005655,0.1514628991355469
1017479,0.1130879893898963
1004571,0.645322431469207
1015640,0.289823365498502
1020512,0.1475827668170076
1022412,0.1904416984031058
1046437,0.1138442323627522
1008540,0.1561761259376078
1041911,0.2819151818162357
1049393,0.1586196096162214
1008949,0.04712985828518865
1005429,0.295671965179153
1032912,0.3932753641423026
1022763,0.4886287253984558
1039707,0.2920544289776071
1017614,0.2272634508718308
1001686,0.3085116171046056
1021156,0.6099254712462425
1038285,0.1009360570460558
1044601,0.2175651527941227
1014665,0.1645899792686431
1035446,0.4487803909767577
1000099,0.5845228733415859
1027462,0.5737923742152813
1042569,0.1745790536704152
1014053,0.1409580429159513
1035513,0.3238155055588516
1025613,0.3734086732379955
1021802,0.319775637079107
1029893,0.1305194300134569
1039964,0.4072849164234962
1027531,0.0948621705300094
1021448,0.103885860571845
1024902,0.7293258011341095
1034427,0.2419495843350887
1028807,0.5707622170448303
1015235,0.652488999068737
1032446,0.0739873637779525
1015403,0.1164676640182733
1031643,0.1888347790987222
1021927,0.1647729809804509
1049647,0.1723239586691788
1041952,0.3462760259511126
1007158,0.3092738971449263
1021521,0.2661977859047754
1003738,0.1781589521217851
1003735,0.3080897852778435
1014178,0.158820033884292
1023123,0.3986214473843574
1030462,0.1762892864644527
1035264,0.4024269243903455
1049957,0.1871321033686399
1030641,0.5271641463041306
1009416,0.3389461760875534
1007127,0.3121872331597688
1043590,0.3456987440799257
1042772,0.4491776738043765
1034226,0.17626432813018
1039903,0.3585399544004477
1020722,0.2864032026386861
1035535,0.4664258873818368
1016872,0.2129569102961938
1045113,0.4714357305232641
1012238,0.3568184826289201
1044502,0.2278208941350756
1032691,0.5427710935473442
1010840,0.615212296535866
1010243,0.2893855392515342
1010307,0.1951109113481622
1047013,0.3332370539344421
1004780,0.5911392569541931
1016713,0.2497999691468166
1041785,0.034514797083057
1006442,0.1359248611841637
1036908,0.3995384389264631
1042388,0.1390871110105526
1025398,0.5231809929647453
1001540,0.5298867186134294
1024275,0.4857573360204696
1037524,0.6908771991729736
1036029,0.209008752367038
1005466,0.5595399778846153
1029105,0.380115438390185
1029203,0.1261502111751549
1014094,0.3538807143556243
1041026,0.1978135427301591
1041513,0.2532382304670506
1008118,0.1446311922431601
1004638,0.2636612733933042
1005477,0.1923777078640558
1039755,0.02893113065510985
1008730,0.6686284616589546
1002062,0.3566831285106872
1007856,0.3262160671597857
1018368,0.147936662659049
1042032,0.3066734744641772
1049029,0.1320644225925207
1038172,0.2818030646820009
1044328,0.5759858840686886
1010835,0.5061166503592379
1040756,0.5921425217656694
1042428,0.3211548057176138
1049806,0.1900543906581164
1046252,0.3172905061470998
1009680,0.4175599841682975
1046848,0.5133478087973756
1016370,0.7786816507577896
1033654,0.144799668341875
1007879,0.2685707793602564
1015024,0.5479012951525731
1033857,0.5057642617391104
1016968,0.1008059881758373
1016794,0.4106689851803262
1049209,0.3155537342544507
1027769,0.3498323552063423
1047082,0.4076541642483621
1041729,0.5082945053285308
1024333,0.191870211618067
1030521,0.1624993550031618
1033153,0.1599935833916059
1041814,0.3328060839406135
1011968,0.3700488056637099
1023475,0.4595509743471687
1034531,0.1734906819032788
1022899,0.5349379702509715
1039216,0.2902817031620957
1012710,0.1142746172845363
1047791,0.3200469455612075
1003751,0.0479429185277598
1028946,0.3201762725111736
1013024,0.6276060193777084
1037292,0.2583879999697701
1034696,0.6301215067505836
1033375,0.2144574962654905
1041076,0.2309435363858938
1030037,0.1668824531274499
1011307,0.0465561058372259
1000773,0.0
1005435,0.1985437325503067
1043347,0.5118028374044074
1038777,0.3918584581741847
1044239,0.5752553359467378
1002275,0.2942151469912633
1027778,0.2556531214606223
1007843,0.2476265566132063
1037600,0.0
1019502,0.4880362859387966
1035308,0.1862608268857002
1014413,0.2335929554631207
1000604,0.3532977865181965
1013966,0.1605487833742309
1001085,0.1552726194595033
1003339,0.1836706288158893
1021644,0.1186813078820705
1043844,0.48180755699929
1022537,0.2860514098926249
1018949,0.0377184115350246
1049144,0.2562030874750228
1035220,0.6388623267412186
1021905,0.1425403036182482
1020353,0.1138588244358694
1017330,0.4658401533961296
1017747,0.2387204459111395
1039559,0.3600413730426873
1022979,0.2446774448929221
1013053,0.319838490044866
1019825,0.3141773307919646
1041284,0.3029091233472537
1008302,0.3194104525416018
1047293,0.03244601248966125
1020945,0.1016610180959105
1046982,0.5892888903617859
1026934,0.1649439989832862
1049472,0.1601383193464229
1044883,0.3288167654464162
1045802,0.509659499570609
1002505,0.3279126117705595
1022307,0.04588440473786565
1010048,0.3126184751581411
1003640,0.618044063448906
1007342,0.2168556019940347
1013536,0.1056976082927709
1028871,0.2240635577004731
1027548,0.1529797219000861
1014852,0.2719176076352596
1014674,0.1611317617599852
1019104,0.3195972652312415
1001499,0.5300239771604538
1002724,0.1604738123714923
1040757,0.4982962959938988
1032358,0.1688933029973719
1002541,0.3598914729455267
1040014,0.3463441492768111
1032505,0.4906935691833496
1034241,0.2609199609761834
1033171,0.2166878769840439
1005311,0.3847728073596954
1024503,0.1243539173156023
1039906,0.4213919964028234
1001420,0.2183180278983026
1042649,0.3492584316389477
1022957,0.3316032152570255
1024117,0.1048848234317186
1006474,0.3474552343455325
1047763,0.6353151080219583
1001432,0.2057351520393259
1001837,0.7115213423967361
1032990,0.6369481810363353
1031376,0.4581558927893638
1029827,0.3249350146711017
1015279,0.6389597092855551
1015746,0.3152882656242909
1041330,0.1782814748956601
1003500,0.3512470945515448
1039460,0.3265023516249639
1036711,0.1714062763787424
1016051,0.2911820931751296
1018829,0.5783136341155698
1047349,0.4197945738233536
1041352,0.5465713695030368
1019828,0.2095718211499728
1003185,0.4376847014454866
1004547,0.1931346564850234
1044976,0.1217827889642649
1007603,0.2627355163780133
1028159,0.3936048807601726
1001853,0.1783481498953789
1018746,0.4941784350569115
1043860,0.1831422572339188
1044821,0.1949476224230057
1038424,0.3093341842027742
1007775,0.3129767777416417
1041804,0.1491768395527642
1013658,0.6451772227883339
1013720,0.3643212229391661
1043288,0.5237798598049145
1012846,0.5245243714602152
1010588,0.4169437364717298
1025123,0.2391902373004636
1005774,0.2851199274786425
1005787,0.2137692301148677
1024290,0.2629815608187699
1012764,0.2752680722136638
1016816,0.1208836574089287
1042334,0.1896219448921682
1032728,0.1783882547246585
1000253,0.1939003833461404
1042867,0.3203428315104263
1046030,0.1999158872781017
1025304,0.1310290830538197
1008413,0.5895515149936811
1028735,0.111040414314093
1030725,0.2191870920360088
1033993,0.2099681251062658
1008321,0.2041832906249723
1049274,0.2883347217939406
1009141,0.3311331720862332
1049022,0.2183467182537575
1001871,0.1806377416369006
1035689,0.5074425339698792
1037676,0.4778676778078079
1020679,0.260603676294852
1018040,0.3132048900808335
1024764,0.0447280186014133
1046537,0.198804011568427
1004267,0.4706110805273056
1049649,0.2297885405398943
1037495,0.1732137386879166
1010125,0.0415874290164949
1022478,0.693257749080658
1038322,0.2656818673041607
1043910,0.5141439882744682
1033310,0.4703950929987661
1043285,0.3636146605959248
1001260,0.2310945674061308
1014514,0.1174992052665562
1044229,0.2432446074346675
1033890,0.1299386117607355
1011474,0.2682034224271774
1002801,0.2183847717381734
1005368,0.235505799249289
1048036,0.4591544101592567
1018931,0.1982502652467272
1024831,0.2363744451813687
1025526,0.3402215512401795
1031841,0.5580686386118172
1046860,0.03678468033258025
1048167,0.2425414210092798
1026619,0.1198166962713003
1045056,0.5108424687027064
1006211,0.2333190241504866
1030016,0.1073431948370759
1012859,0.3071978654980652
1043580,0.2824598812123589
1032922,0.2731850941712522
1003832,0.1003324214297826
1007409,0.1430491609128798
1008040,0.2115048337670693
1026615,0.3143292304871212
1044126,0.2340091435680228
1024207,0.0
1033980,0.2099334333116134
1049432,0.2947470569404443
1006581,0.389165324925199
1013512,0.1364240937120041
1007971,0.505383006686468
1031815,0.2272975224688146
1013133,0.3032777158273714
1028422,0.1698014132803114
1043859,0.6531573086977005
1039853,0.2986436932028032
1048079,0.2977900228389711
1032798,0.0
1016960,0.375778909029907
1004752,0.2063276520909496
1018263,0.03194811548461715
1006067,0.2153685105920653
1004358,0.5273316857505643
1029913,0.2931256621893571
1039035,0.2403051362978649
1017984,0.238356712250351
1026294,0.2262754100653305
1035828,0.462996320532088
1020805,0.2412276493682867
1010868,0.0
1011000,0.1877195599266325
1003851,0.1935525949856214
1006536,0.4946590086829533
1010371,0.3213763366922913
1020695,0.3704069508405088
1024269,0.6393965482711792
1015239,0.4271788538585254
1018769,0.1019372828304767
1000362,0.1417110397290617
1038376,0.1911399561031343
1030363,0.2061792295834731
1043038,0.1059420462697744
1012811,0.2329497298667738
1017553,0.04384901647813145
1007755,0.1033872766420245
1001025,0.5132025256752968
1020646,0.1619740522031579
1002660,0.2798215316887845
1027116,0.04919297822956205
1004093,0.3416274584810773
1040970,0.196091794334017
1035514,0.3559561195095818
1009267,0.2544265560108367
1015110,0.3361435569822788
1015523,0.2099875135813187
1033903,0.3206664037574588
1016405,0.5891018319149288
1001068,0.5601078867912292
1047698,0.5197815951833787
1046525,0.5849101841449738
1004054,0.7200078964233398
1047592,0.1897747051451789
1001760,0.5519189732193959
1039112,0.3779704428537203
1040134,0.4854792869915399
1037854,0.4699300063033831
1035290,0.4607392147174668
1029473,0.6366434246301651
1034490,0.206584370405309
1026769,0.4791178926825523
1021306,0.5348596006896239
1028150,0.6376243904232979
1042031,0.5023859804092841
1041085,0.60602156072855
1013543,0.0929870990543164
1038048,0.1976712548734601
1013293,0.3106812534299991
1042257,0.2393210854394742
1001031,0.2564862380791091
1000166,0.3346752572626683
1001186,0.6183416154945602
1033029,0.1450062589802743
1043937,0.0
1049053,0.1648873389678716
1040669,0.2850119392958474
1023810,0.3849743809026787
1041761,0.289224533012038
1003857,0.1232544332742691
1021424,0.4429341629147529
1016813,0.3851533198185589
1038618,0.3948312580185625
1032099,0.1186521247079958
1008856,0.3066070952443673
