user_id,loan_id,is_default_predicted
200575,1000575,0
228125,1028125,0
210694,1010694,0
226712,1026712,0
202895,1002895,0
223930,1023930,0
231202,1031202,0
241065,1041065,0
237799,1037799,0
236385,1036385,0
228640,1028640,0
246198,1046198,0
205902,1005902,0
201958,1001958,0
221171,1021171,0
218693,1018693,0
246881,1046881,0
208394,1008394,0
239986,1039986,0
228449,1028449,1
237670,1037670,0
230356,1030356,0
247759,1047759,0
233422,1033422,0
241457,1041457,0
247669,1047669,1
213635,1013635,0
209911,1009911,0
226052,1026052,0
213010,1013010,0
200541,1000541,0
223933,1023933,0
217173,1017173,0
210278,1010278,0
242322,1042322,0
235083,1035083,0
217136,1017136,0
208825,1008825,0
235744,1035744,0
219544,1019544,1
219583,1019583,0
215244,1015244,0
201057,1001057,0
218597,1018597,0
236106,1036106,1
221590,1021590,0
228479,1028479,1
222178,1022178,0
221768,1021768,0
244905,1044905,0
218188,1018188,0
234782,1034782,0
243358,1043358,1
212386,1012386,0
219710,1019710,0
203882,1003882,0
241743,1041743,0
245699,1045699,0
223722,1023722,0
205903,1005903,0
232382,1032382,0
232769,1032769,0
216556,1016556,0
218606,1018606,0
234996,1034996,0
230041,1030041,0
234236,1034236,1
227554,1027554,0
205162,1005162,0
211175,1011175,0
233902,1033902,0
214356,1014356,0
245176,1045176,1
248152,1048152,0
226600,1026600,0
246111,1046111,0
210478,1010478,0
219200,1019200,0
230818,1030818,0
241083,1041083,0
220605,1020605,0
220932,1020932,1
231833,1031833,0
202413,1002413,1
215116,1015116,0
211414,1011414,0
232688,1032688,0
211934,1011934,1
224629,1024629,0
233891,1033891,0
224842,1024842,0
227018,1027018,0
204702,1004702,0
209408,1009408,0
226577,1026577,0
239347,1039347,0
227392,1027392,0
233583,1033583,1
230357,1030357,1
236590,1036590,0
219761,1019761,0
211949,1011949,0
235693,1035693,0
221378,1021378,0
231346,1031346,0
217477,1017477,0
248032,1048032,0
238679,1038679,0
207051,1007051,0
200452,1000452,0
213922,1013922,0
246564,1046564,0
217521,1017521,0
209082,1009082,0
215316,1015316,0
217718,1017718,0
221027,1021027,0
228958,1028958,0
235453,1035453,0
224280,1024280,0
218505,1018505,1
210128,1010128,0
207386,1007386,0
209167,1009167,0
237585,1037585,0
226043,1026043,0
224570,1024570,0
238043,1038043,0
237576,1037576,0
239779,1039779,0
204522,1004522,0
207364,1007364,0
208846,1008846,0
200603,1000603,0
221829,1021829,0
244059,1044059,0
244404,1044404,1
212497,1012497,0
213466,1013466,0
238891,1038891,0
210547,1010547,0
223850,1023850,1
218544,1018544,0
218208,1018208,0
226767,1026767,0
234103,1034103,0
226183,1026183,0
206844,1006844,0
235884,1035884,0
208717,1008717,0
223969,1023969,0
246972,1046972,0
239065,1039065,0
207767,1007767,0
233865,1033865,0
240701,1040701,0
211770,1011770,0
248315,1048315,0
230629,1030629,0
202486,1002486,0
235595,1035595,1
200629,1000629,1
222972,1022972,0
234681,1034681,0
222023,1022023,0
209765,1009765,0
244865,1044865,0
237277,1037277,1
212272,1012272,0
240995,1040995,0
247338,1047338,0
245052,1045052,0
229847,1029847,0
218987,1018987,0
240155,1040155,0
201734,1001734,1
208795,1008795,0
232664,1032664,0
234740,1034740,0
217204,1017204,0
210766,1010766,0
231660,1031660,0
207238,1007238,1
220555,1020555,0
246278,1046278,0
210915,1010915,0
246598,1046598,0
237912,1037912,0
242520,1042520,0
243332,1043332,0
240643,1040643,0
225913,1025913,0
231268,1031268,0
246418,1046418,1
226392,1026392,0
249286,1049286,1
234359,1034359,0
214506,1014506,0
231580,1031580,0
238801,1038801,0
241903,1041903,0
210056,1010056,0
213643,1013643,0
246980,1046980,0
212709,1012709,0
218512,1018512,0
214724,1014724,0
230802,1030802,0
214306,1014306,0
249297,1049297,0
236358,1036358,0
240977,1040977,0
235734,1035734,0
219782,1019782,0
239519,1039519,0
205038,1005038,0
240728,1040728,0
208449,1008449,0
219069,1019069,1
223717,1023717,0
246007,1046007,0
209223,1009223,0
240241,1040241,0
246923,1046923,0
241166,1041166,0
242733,1042733,0
208065,1008065,0
208164,1008164,0
232019,1032019,0
237629,1037629,0
243927,1043927,0
227670,1027670,0
217353,1017353,0
224141,1024141,0
242069,1042069,0
224398,1024398,0
245922,1045922,1
220400,1020400,0
211500,1011500,0
238606,1038606,0
225972,1025972,0
202263,1002263,0
225557,1025557,0
231479,1031479,0
225480,1025480,0
209819,1009819,0
207123,1007123,0
224198,1024198,0
225725,1025725,1
212988,1012988,0
209487,1009487,0
239865,1039865,0
218599,1018599,0
209489,1009489,1
241868,1041868,0
247948,1047948,0
246133,1046133,0
226260,1026260,0
231970,1031970,0
232976,1032976,0
235576,1035576,0
229414,1029414,0
220223,1020223,0
211891,1011891,0
239155,1039155,0
249708,1049708,0
211497,1011497,0
203658,1003658,0
248635,1048635,0
219684,1019684,0
217666,1017666,0
210777,1010777,0
232325,1032325,0
209834,1009834,0
228976,1028976,0
200023,1000023,1
238750,1038750,0
239210,1039210,0
221115,1021115,0
208255,1008255,0
243035,1043035,0
217174,1017174,1
247924,1047924,0
238586,1038586,0
211805,1011805,0
248311,1048311,0
244609,1044609,0
201320,1001320,0
244992,1044992,0
227123,1027123,0
202344,1002344,0
223161,1023161,0
217527,1017527,0
225805,1025805,0
201488,1001488,1
243664,1043664,0
202051,1002051,0
244756,1044756,0
246992,1046992,0
229657,1029657,0
221900,1021900,0
237278,1037278,0
225134,1025134,0
245543,1045543,0
202896,1002896,0
210600,1010600,1
214618,1014618,0
203535,1003535,1
246540,1046540,0
224939,1024939,0
239793,1039793,0
234152,1034152,1
245428,1045428,0
242718,1042718,0
210816,1010816,0
200763,1000763,0
219619,1019619,0
228129,1028129,0
225519,1025519,0
224757,1024757,0
202790,1002790,0
236698,1036698,0
208144,1008144,0
208085,1008085,0
201394,1001394,0
220391,1020391,0
229372,1029372,0
206486,1006486,0
207830,1007830,0
232904,1032904,1
224111,1024111,0
248195,1048195,0
203144,1003144,0
223438,1023438,0
204329,1004329,0
224473,1024473,0
224970,1024970,0
220904,1020904,0
241784,1041784,0
210047,1010047,0
235244,1035244,0
223875,1023875,0
203764,1003764,0
229025,1029025,0
233300,1033300,0
209135,1009135,0
244352,1044352,0
221747,1021747,0
241665,1041665,0
200368,1000368,0
216906,1016906,0
216805,1016805,0
228933,1028933,0
201776,1001776,0
249973,1049973,0
220329,1020329,0
226702,1026702,0
229160,1029160,0
239908,1039908,0
203632,1003632,0
213239,1013239,0
214009,1014009,0
208187,1008187,0
200645,1000645,0
237395,1037395,0
207003,1007003,0
237190,1037190,0
204658,1004658,0
231972,1031972,0
246675,1046675,0
231897,1031897,0
214909,1014909,0
248261,1048261,1
219310,1019310,0
227904,1027904,0
238726,1038726,0
202951,1002951,0
224828,1024828,0
223482,1023482,0
237593,1037593,1
217584,1017584,1
230733,1030733,0
239785,1039785,0
212324,1012324,1
222787,1022787,0
203462,1003462,1
230142,1030142,0
241632,1041632,0
223457,1023457,0
211260,1011260,0
246672,1046672,0
236347,1036347,0
201120,1001120,0
238629,1038629,0
219702,1019702,0
206084,1006084,0
231837,1031837,0
227440,1027440,0
202291,1002291,0
219211,1019211,0
224802,1024802,0
240466,1040466,1
202567,1002567,0
223822,1023822,0
239090,1039090,1
200687,1000687,0
246046,1046046,0
226806,1026806,0
235794,1035794,0
249758,1049758,0
215405,1015405,0
206713,1006713,0
248134,1048134,0
222539,1022539,0
238388,1038388,0
200241,1000241,0
221910,1021910,1
237581,1037581,0
215492,1015492,0
238485,1038485,0
236104,1036104,0
202815,1002815,1
228367,1028367,0
213467,1013467,0
239922,1039922,0
209987,1009987,0
214226,1014226,0
203710,1003710,0
236372,1036372,0
212012,1012012,0
222842,1022842,0
247163,1047163,0
208640,1008640,0
209835,1009835,0
212571,1012571,0
228889,1028889,0
245707,1045707,0
235386,1035386,0
214936,1014936,0
245463,1045463,0
216814,1016814,0
235379,1035379,0
204310,1004310,0
227213,1027213,1
206288,1006288,0
201075,1001075,0
237535,1037535,0
239778,1039778,0
235776,1035776,0
227737,1027737,0
206349,1006349,0
204994,1004994,0
215493,1015493,0
223217,1023217,0
211970,1011970,0
241387,1041387,0
203307,1003307,1
220497,1020497,0
220418,1020418,0
235816,1035816,0
202908,1002908,1
249271,1049271,0
200235,1000235,0
227315,1027315,0
202958,1002958,0
234549,1034549,1
242173,1042173,0
201367,1001367,0
248838,1048838,0
235740,1035740,0
213044,1013044,0
223046,1023046,0
212481,1012481,0
215150,1015150,0
211069,1011069,0
228495,1028495,0
207025,1007025,0
202942,1002942,0
202551,1002551,0
215879,1015879,0
245099,1045099,0
217965,1017965,1
231750,1031750,0
229705,1029705,0
226938,1026938,0
248185,1048185,0
240230,1040230,0
239826,1039826,1
209192,1009192,0
231387,1031387,0
244820,1044820,0
248284,1048284,1
243644,1043644,0
206020,1006020,1
214626,1014626,1
202667,1002667,0
220510,1020510,0
201241,1001241,1
219105,1019105,0
200682,1000682,0
235786,1035786,0
229873,1029873,0
209162,1009162,0
246463,1046463,0
220249,1020249,0
226875,1026875,0
248935,1048935,0
221439,1021439,0
200744,1000744,0
218249,1018249,0
215635,1015635,0
225003,1025003,1
247194,1047194,0
237722,1037722,0
201623,1001623,0
219298,1019298,0
204404,1004404,0
205109,1005109,0
219077,1019077,0
210191,1010191,0
211766,1011766,0
247521,1047521,0
243876,1043876,0
218965,1018965,0
229881,1029881,0
224650,1024650,0
242522,1042522,1
230513,1030513,0
249815,1049815,0
232611,1032611,0
249575,1049575,0
205571,1005571,0
249839,1049839,0
230348,1030348,0
221548,1021548,0
222606,1022606,0
210809,1010809,0
212461,1012461,0
222747,1022747,0
205520,1005520,0
225618,1025618,1
232046,1032046,0
239850,1039850,0
200160,1000160,0
226468,1026468,0
220420,1020420,0
223405,1023405,0
219740,1019740,0
240117,1040117,0
230062,1030062,0
207306,1007306,0
231024,1031024,0
208518,1008518,0
213733,1013733,0
221983,1021983,1
231711,1031711,0
241602,1041602,0
247490,1047490,0
230439,1030439,0
201346,1001346,1
244410,1044410,1
223428,1023428,0
249246,1049246,0
217690,1017690,0
240764,1040764,0
237250,1037250,0
249711,1049711,0
231392,1031392,0
202403,1002403,0
221322,1021322,0
214596,1014596,0
209469,1009469,0
234036,1034036,0
205984,1005984,0
244720,1044720,0
220565,1020565,1
248177,1048177,0
226972,1026972,0
210632,1010632,1
204650,1004650,1
236738,1036738,1
215213,1015213,0
238459,1038459,0
210073,1010073,1
215508,1015508,0
213480,1013480,0
213193,1013193,0
219598,1019598,0
232470,1032470,0
200355,1000355,0
217879,1017879,0
223925,1023925,1
242655,1042655,0
223181,1023181,0
211529,1011529,0
203358,1003358,0
228136,1028136,0
220534,1020534,0
237647,1037647,0
220809,1020809,0
246592,1046592,0
248476,1048476,0
247773,1047773,0
226119,1026119,0
232850,1032850,0
224751,1024751,0
246934,1046934,0
229190,1029190,0
241125,1041125,0
236822,1036822,0
244451,1044451,0
238756,1038756,0
218751,1018751,0
227136,1027136,0
245625,1045625,0
215768,1015768,0
234633,1034633,0
217595,1017595,0
227334,1027334,0
203630,1003630,0
207073,1007073,1
216183,1016183,0
213179,1013179,0
209435,1009435,0
241970,1041970,0
204317,1004317,0
212281,1012281,0
246872,1046872,0
213312,1013312,0
203855,1003855,0
229444,1029444,0
230607,1030607,0
203943,1003943,0
225172,1025172,0
247691,1047691,0
238275,1038275,0
200692,1000692,0
208348,1008348,0
224959,1024959,0
220043,1020043,0
238627,1038627,0
215399,1015399,0
209954,1009954,0
216547,1016547,0
210059,1010059,0
205266,1005266,0
224996,1024996,0
220830,1020830,0
231284,1031284,0
225877,1025877,0
216830,1016830,0
220436,1020436,1
217380,1017380,0
209815,1009815,0
249981,1049981,0
221723,1021723,0
238219,1038219,0
222696,1022696,0
229800,1029800,0
219810,1019810,0
215131,1015131,0
229953,1029953,0
237295,1037295,0
223288,1023288,0
214450,1014450,0
230169,1030169,0
228921,1028921,0
202906,1002906,0
204464,1004464,0
206851,1006851,0
238341,1038341,0
220366,1020366,0
241892,1041892,0
227934,1027934,0
235935,1035935,0
240864,1040864,0
234258,1034258,0
220747,1020747,0
209251,1009251,0
223974,1023974,0
202628,1002628,0
205158,1005158,0
220412,1020412,0
203013,1003013,0
215004,1015004,0
230360,1030360,0
227061,1027061,0
206441,1006441,0
220239,1020239,0
227923,1027923,1
226685,1026685,0
239194,1039194,0
211539,1011539,1
202092,1002092,0
228541,1028541,0
242437,1042437,0
244538,1044538,0
240351,1040351,0
214358,1014358,0
227505,1027505,0
234392,1034392,0
201382,1001382,0
232362,1032362,0
201039,1001039,1
205346,1005346,1
222345,1022345,0
219476,1019476,0
234355,1034355,0
225170,1025170,0
239683,1039683,0
209460,1009460,0
214079,1014079,0
212956,1012956,0
217071,1017071,0
216491,1016491,0
208866,1008866,0
214903,1014903,0
235867,1035867,0
223329,1023329,0
234296,1034296,0
218939,1018939,0
219233,1019233,0
216434,1016434,0
230053,1030053,0
226263,1026263,0
203668,1003668,0
214770,1014770,0
211532,1011532,0
239434,1039434,0
215969,1015969,0
220509,1020509,0
245842,1045842,0
214217,1014217,0
244523,1044523,0
207891,1007891,0
229319,1029319,0
219454,1019454,0
212869,1012869,0
219664,1019664,0
217296,1017296,0
224654,1024654,0
249404,1049404,0
236821,1036821,0
217426,1017426,0
203038,1003038,0
207250,1007250,0
234513,1034513,0
222656,1022656,0
230201,1030201,1
217321,1017321,0
219574,1019574,0
246655,1046655,0
238701,1038701,0
210798,1010798,0
208201,1008201,0
231909,1031909,0
232039,1032039,0
246386,1046386,0
209399,1009399,0
226804,1026804,0
208052,1008052,0
208319,1008319,0
205956,1005956,0
241468,1041468,0
205015,1005015,0
223465,1023465,0
203252,1003252,0
202437,1002437,1
201243,1001243,0
236329,1036329,1
219969,1019969,0
214885,1014885,0
202454,1002454,0
220898,1020898,0
204302,1004302,0
235490,1035490,0
215885,1015885,0
205138,1005138,0
241301,1041301,0
237468,1037468,0
201278,1001278,0
205761,1005761,0
202485,1002485,0
208339,1008339,0
218826,1018826,1
240868,1040868,0
236500,1036500,0
207674,1007674,0
247204,1047204,0
203674,1003674,0
243075,1043075,1
243608,1043608,0
201739,1001739,0
205757,1005757,0
241326,1041326,0
221168,1021168,0
209494,1009494,0
232337,1032337,0
200558,1000558,0
246865,1046865,0
213781,1013781,0
212624,1012624,0
232001,1032001,0
209631,1009631,0
224104,1024104,1
235496,1035496,0
206862,1006862,0
203364,1003364,0
239020,1039020,0
211256,1011256,0
221056,1021056,1
219487,1019487,0
216996,1016996,0
230549,1030549,0
201487,1001487,0
242063,1042063,0
231579,1031579,0
233816,1033816,0
228500,1028500,0
216201,1016201,0
212343,1012343,0
243269,1043269,0
225509,1025509,0
219678,1019678,0
232981,1032981,1
239193,1039193,0
217886,1017886,0
225607,1025607,0
203194,1003194,1
228273,1028273,0
211378,1011378,0
222690,1022690,0
225042,1025042,0
246909,1046909,0
222968,1022968,0
209824,1009824,0
222206,1022206,0
222382,1022382,0
206024,1006024,0
202046,1002046,0
242194,1042194,0
205289,1005289,1
238697,1038697,0
230553,1030553,0
236069,1036069,0
218824,1018824,0
205084,1005084,0
241241,1041241,0
209028,1009028,0
232677,1032677,0
230574,1030574,0
218060,1018060,0
244047,1044047,0
223163,1023163,0
235620,1035620,0
223168,1023168,1
241730,1041730,0
204556,1004556,0
248817,1048817,0
202011,1002011,0
218721,1018721,0
221627,1021627,0
236185,1036185,0
247136,1047136,0
236032,1036032,0
249878,1049878,0
237150,1037150,0
203433,1003433,0
208273,1008273,0
227347,1027347,0
247246,1047246,0
236647,1036647,0
235598,1035598,0
234510,1034510,0
238004,1038004,1
204664,1004664,0
242180,1042180,0
241865,1041865,0
221504,1021504,0
248365,1048365,0
232855,1032855,0
246760,1046760,0
224327,1024327,0
216843,1016843,0
224219,1024219,0
203834,1003834,0
230174,1030174,1
245001,1045001,0
221435,1021435,0
218227,1018227,0
236563,1036563,0
202831,1002831,0
231981,1031981,0
239811,1039811,0
231460,1031460,0
223762,1023762,0
230209,1030209,0
222591,1022591,0
200971,1000971,0
232219,1032219,0
209997,1009997,0
249227,1049227,0
216107,1016107,0
236216,1036216,0
249605,1049605,0
208316,1008316,0
215903,1015903,0
243337,1043337,0
236866,1036866,0
239695,1039695,0
203821,1003821,0
248787,1048787,0
202008,1002008,0
206539,1006539,0
216911,1016911,0
236406,1036406,1
245253,1045253,0
211218,1011218,0
241680,1041680,0
247538,1047538,0
206593,1006593,0
207348,1007348,0
219501,1019501,0
212549,1012549,0
201893,1001893,0
236148,1036148,0
234853,1034853,0
244044,1044044,0
239821,1039821,0
244122,1044122,0
233479,1033479,0
224071,1024071,1
210042,1010042,0
223968,1023968,0
209950,1009950,0
222445,1022445,0
240223,1040223,0
210000,1010000,0
221336,1021336,0
218200,1018200,0
236687,1036687,0
211046,1011046,0
200332,1000332,0
215527,1015527,0
233941,1033941,0
218941,1018941,0
229282,1029282,0
202554,1002554,0
243683,1043683,0
212074,1012074,0
249948,1049948,0
200548,1000548,0
248634,1048634,0
237789,1037789,0
204493,1004493,0
244886,1044886,0
228629,1028629,0
246481,1046481,0
226667,1026667,0
239809,1039809,0
211079,1011079,0
219578,1019578,0
211483,1011483,0
249883,1049883,0
203123,1003123,0
233580,1033580,0
212879,1012879,0
221282,1021282,1
220766,1020766,0
200009,1000009,1
248265,1048265,0
210807,1010807,0
221052,1021052,0
235183,1035183,0
210261,1010261,0
224248,1024248,0
227384,1027384,0
209864,1009864,0
221002,1021002,0
226459,1026459,0
230414,1030414,0
205803,1005803,0
226257,1026257,0
220702,1020702,0
244920,1044920,1
247106,1047106,0
202037,1002037,0
224763,1024763,1
235172,1035172,0
223445,1023445,0
235180,1035180,0
239036,1039036,0
248255,1048255,0
214609,1014609,0
221865,1021865,0
213693,1013693,0
207103,1007103,0
233995,1033995,0
225954,1025954,0
242620,1042620,0
247927,1047927,0
224380,1024380,0
243575,1043575,0
232062,1032062,0
208331,1008331,0
200559,1000559,0
223570,1023570,0
227028,1027028,1
207772,1007772,0
200915,1000915,0
211866,1011866,0
235741,1035741,0
243537,1043537,0
241212,1041212,0
246700,1046700,0
204179,1004179,0
206149,1006149,0
240089,1040089,0
239899,1039899,0
249820,1049820,0
220019,1020019,0
212419,1012419,0
230628,1030628,0
205599,1005599,0
216918,1016918,1
241957,1041957,0
225993,1025993,0
225077,1025077,0
243179,1043179,0
233929,1033929,0
203627,1003627,0
248936,1048936,1
221775,1021775,0
219505,1019505,0
214397,1014397,0
216853,1016853,0
232514,1032514,1
226525,1026525,0
215662,1015662,0
201618,1001618,0
235202,1035202,0
202420,1002420,1
236502,1036502,0
209781,1009781,0
240563,1040563,0
239762,1039762,0
241472,1041472,0
214415,1014415,0
219773,1019773,0
230374,1030374,0
248758,1048758,1
223746,1023746,0
213586,1013586,0
239920,1039920,0
206141,1006141,0
243062,1043062,0
243041,1043041,0
233113,1033113,0
204684,1004684,0
248870,1048870,0
218057,1018057,0
222361,1022361,0
203808,1003808,0
234710,1034710,0
235915,1035915,0
205963,1005963,0
224047,1024047,0
247259,1047259,0
214649,1014649,0
227953,1027953,0
215313,1015313,0
241773,1041773,0
217137,1017137,0
249157,1049157,0
244623,1044623,0
220371,1020371,0
218583,1018583,0
212392,1012392,0
225850,1025850,0
233640,1033640,0
243727,1043727,0
231473,1031473,0
217232,1017232,0
241176,1041176,0
213589,1013589,0
219965,1019965,1
221763,1021763,0
237606,1037606,0
224197,1024197,0
205209,1005209,0
200974,1000974,1
239706,1039706,0
229996,1029996,0
225105,1025105,0
202207,1002207,0
204890,1004890,0
244818,1044818,0
202165,1002165,0
239823,1039823,1
247339,1047339,0
222727,1022727,0
215669,1015669,0
227997,1027997,0
211097,1011097,0
208325,1008325,0
215309,1015309,0
228812,1028812,0
203104,1003104,0
234761,1034761,0
237339,1037339,0
208130,1008130,0
209894,1009894,0
216170,1016170,0
211410,1011410,0
207270,1007270,0
230688,1030688,0
220527,1020527,0
225009,1025009,1
235621,1035621,1
217323,1017323,0
249580,1049580,0
249230,1049230,0
217389,1017389,0
224659,1024659,0
204016,1004016,0
245252,1045252,0
240931,1040931,0
221707,1021707,0
217505,1017505,0
235721,1035721,0
207746,1007746,0
219682,1019682,0
247600,1047600,1
223371,1023371,1
248025,1048025,0
219472,1019472,0
226697,1026697,0
231910,1031910,0
230795,1030795,0
214846,1014846,0
224496,1024496,0
201037,1001037,0
231228,1031228,0
230536,1030536,0
205240,1005240,0
207859,1007859,0
213003,1013003,0
221372,1021372,0
241314,1041314,0
240173,1040173,0
214357,1014357,0
242531,1042531,0
221298,1021298,1
206960,1006960,0
200509,1000509,0
211918,1011918,0
231899,1031899,0
227410,1027410,1
211514,1011514,0
235831,1035831,0
218418,1018418,0
249748,1049748,0
205515,1005515,0
214907,1014907,0
207542,1007542,0
208148,1008148,0
218921,1018921,0
235512,1035512,0
234228,1034228,0
225408,1025408,0
246631,1046631,0
230424,1030424,0
204450,1004450,0
249739,1049739,0
242010,1042010,1
212799,1012799,0
219646,1019646,1
237965,1037965,0
234313,1034313,0
206232,1006232,0
208988,1008988,0
202632,1002632,0
219018,1019018,0
245852,1045852,0
217038,1017038,0
225096,1025096,0
242247,1042247,0
205699,1005699,0
241807,1041807,0
235165,1035165,0
242122,1042122,0
240523,1040523,1
228720,1028720,0
231316,1031316,0
216353,1016353,0
247764,1047764,1
224408,1024408,0
247069,1047069,0
200091,1000091,0
216870,1016870,0
219016,1019016,0
217163,1017163,0
234073,1034073,0
230366,1030366,0
210091,1010091,0
229936,1029936,0
228901,1028901,0
234601,1034601,0
202561,1002561,0
230859,1030859,0
226384,1026384,0
208663,1008663,0
236295,1036295,0
221798,1021798,0
221631,1021631,1
204426,1004426,0
227928,1027928,0
240929,1040929,0
231860,1031860,0
201174,1001174,0
220466,1020466,0
215174,1015174,0
225389,1025389,1
235795,1035795,0
200076,1000076,0
215506,1015506,0
211040,1011040,0
243663,1043663,0
206099,1006099,0
212744,1012744,0
225661,1025661,0
241687,1041687,0
218234,1018234,0
220882,1020882,0
244082,1044082,0
234013,1034013,0
209069,1009069,0
215854,1015854,0
228364,1028364,0
201513,1001513,0
232172,1032172,0
249493,1049493,0
216421,1016421,0
248659,1048659,0
248521,1048521,0
226652,1026652,0
203176,1003176,1
245951,1045951,0
221102,1021102,0
233557,1033557,0
242840,1042840,0
245774,1045774,1
215522,1015522,0
241084,1041084,0
235150,1035150,0
201885,1001885,0
244267,1044267,0
248925,1048925,0
240415,1040415,0
230032,1030032,0
236346,1036346,1
211247,1011247,0
243204,1043204,0
221205,1021205,0
237546,1037546,0
211413,1011413,0
249699,1049699,0
226986,1026986,0
204628,1004628,0
244387,1044387,0
239484,1039484,0
233527,1033527,0
246732,1046732,0
249732,1049732,0
246064,1046064,0
216761,1016761,0
247898,1047898,0
205303,1005303,0
249264,1049264,0
236438,1036438,0
236379,1036379,1
205009,1005009,0
238693,1038693,0
222935,1022935,0
208564,1008564,0
224767,1024767,0
241830,1041830,0
227272,1027272,0
231156,1031156,0
206602,1006602,0
216475,1016475,0
212118,1012118,1
207712,1007712,0
220130,1020130,0
248049,1048049,0
215160,1015160,0
249414,1049414,0
222592,1022592,0
213521,1013521,0
221832,1021832,1
210660,1010660,0
227974,1027974,0
240452,1040452,0
224587,1024587,0
225020,1025020,0
233448,1033448,0
246993,1046993,0
240498,1040498,0
203551,1003551,0
235248,1035248,0
249827,1049827,0
249013,1049013,0
238123,1038123,0
205619,1005619,0
242085,1042085,0
239222,1039222,0
230595,1030595,0
234204,1034204,0
237757,1037757,0
211550,1011550,0
230761,1030761,0
201560,1001560,1
207563,1007563,0
208758,1008758,0
239340,1039340,0
218566,1018566,0
231360,1031360,0
220479,1020479,0
206760,1006760,0
216026,1016026,0
208820,1008820,0
212938,1012938,0
248527,1048527,0
227654,1027654,0
218592,1018592,0
244556,1044556,0
214463,1014463,0
211322,1011322,0
236747,1036747,0
222859,1022859,1
245067,1045067,0
235674,1035674,0
211605,1011605,0
200641,1000641,0
221411,1021411,0
222660,1022660,1
224267,1024267,0
246047,1046047,0
201610,1001610,0
212677,1012677,0
214311,1014311,0
209941,1009941,0
201062,1001062,0
215693,1015693,1
203051,1003051,0
226160,1026160,0
229946,1029946,0
218788,1018788,0
240515,1040515,0
235552,1035552,0
249113,1049113,0
244864,1044864,0
224488,1024488,0
217464,1017464,0
244965,1044965,1
205082,1005082,0
248257,1048257,0
225910,1025910,0
215646,1015646,0
247220,1047220,0
228437,1028437,0
245515,1045515,0
208968,1008968,0
217026,1017026,0
208060,1008060,0
214802,1014802,0
243084,1043084,0
226125,1026125,0
227155,1027155,1
213344,1013344,0
231414,1031414,0
200711,1000711,0
225316,1025316,0
201168,1001168,0
205796,1005796,0
234906,1034906,0
242335,1042335,0
235856,1035856,0
216224,1016224,0
212844,1012844,1
235536,1035536,0
211115,1011115,0
239622,1039622,0
237663,1037663,0
217581,1017581,1
211635,1011635,1
204549,1004549,0
246330,1046330,0
204926,1004926,0
242632,1042632,0
240596,1040596,0
243199,1043199,0
212578,1012578,0
215091,1015091,0
247897,1047897,0
221639,1021639,0
221698,1021698,0
201087,1001087,0
221919,1021919,0
236579,1036579,0
217367,1017367,0
206558,1006558,1
219307,1019307,0
225620,1025620,0
233739,1033739,0
201246,1001246,0
201028,1001028,0
231435,1031435,0
214200,1014200,0
231991,1031991,0
235071,1035071,0
225129,1025129,0
212788,1012788,0
203699,1003699,0
206495,1006495,0
201543,1001543,0
233339,1033339,0
213791,1013791,0
226585,1026585,0
206132,1006132,0
205113,1005113,1
202993,1002993,0
211061,1011061,0
226374,1026374,0
223791,1023791,0
220525,1020525,0
233713,1033713,0
239947,1039947,0
237373,1037373,0
231343,1031343,0
244194,1044194,0
249195,1049195,0
224150,1024150,0
242470,1042470,1
241150,1041150,1
246357,1046357,0
230497,1030497,0
245921,1045921,0
240332,1040332,0
213226,1013226,0
216006,1016006,0
215355,1015355,0
243645,1043645,0
243508,1043508,0
204208,1004208,0
227429,1027429,0
243767,1043767,0
200017,1000017,0
202543,1002543,0
222226,1022226,0
230258,1030258,1
212754,1012754,0
232075,1032075,0
210956,1010956,0
246238,1046238,0
231015,1031015,0
243471,1043471,0
249947,1049947,0
217369,1017369,0
249398,1049398,0
248748,1048748,0
229230,1029230,0
213363,1013363,1
228262,1028262,0
221638,1021638,0
238737,1038737,0
243573,1043573,0
226205,1026205,0
247034,1047034,0
204430,1004430,0
223315,1023315,0
240343,1040343,0
217819,1017819,0
229037,1029037,0
223387,1023387,0
209025,1009025,0
234084,1034084,0
227985,1027985,0
201728,1001728,0
228118,1028118,0
209807,1009807,0
237041,1037041,0
241061,1041061,0
245673,1045673,0
224167,1024167,0
240491,1040491,0
249510,1049510,0
224607,1024607,0
224889,1024889,0
214294,1014294,0
210176,1010176,0
245142,1045142,0
249379,1049379,0
232193,1032193,0
244622,1044622,0
232152,1032152,0
203733,1003733,0
228456,1028456,0
215374,1015374,0
204133,1004133,0
212491,1012491,0
226601,1026601,0
222871,1022871,0
203338,1003338,0
235281,1035281,0
231325,1031325,0
244573,1044573,0
241186,1041186,0
207706,1007706,1
206899,1006899,0
202523,1002523,0
234402,1034402,0
226147,1026147,0
204411,1004411,0
210533,1010533,0
209395,1009395,1
232527,1032527,0
213891,1013891,0
210377,1010377,0
236683,1036683,1
211263,1011263,0
210135,1010135,0
219475,1019475,0
225764,1025764,0
208005,1008005,0
247583,1047583,1
228552,1028552,1
220971,1020971,1
215892,1015892,0
248819,1048819,0
247289,1047289,0
219917,1019917,0
226168,1026168,0
205551,1005551,0
237713,1037713,0
202565,1002565,0
200307,1000307,0
246868,1046868,0
200788,1000788,0
235639,1035639,0
240473,1040473,0
247866,1047866,0
231090,1031090,0
238817,1038817,1
232387,1032387,0
238083,1038083,0
213380,1013380,1
243510,1043510,0
224852,1024852,0
211713,1011713,0
208675,1008675,0
212607,1012607,0
208702,1008702,0
227830,1027830,0
224653,1024653,0
240810,1040810,0
243142,1043142,0
204652,1004652,0
211334,1011334,0
229782,1029782,0
227181,1027181,0
216060,1016060,0
227624,1027624,0
206497,1006497,0
203145,1003145,1
220669,1020669,0
233011,1033011,0
203762,1003762,0
236144,1036144,0
229537,1029537,0
235802,1035802,0
242588,1042588,0
208241,1008241,0
228806,1028806,0
222908,1022908,0
217524,1017524,0
222695,1022695,0
229980,1029980,0
203394,1003394,0
214234,1014234,0
238134,1038134,0
206494,1006494,0
203663,1003663,0
215625,1015625,0
240719,1040719,0
231980,1031980,0
222888,1022888,0
206077,1006077,0
236228,1036228,0
232507,1032507,0
243938,1043938,0
214149,1014149,0
211240,1011240,0
244823,1044823,0
227078,1027078,0
222825,1022825,0
217868,1017868,0
205267,1005267,0
213270,1013270,0
213314,1013314,0
212812,1012812,0
227946,1027946,0
217035,1017035,0
243858,1043858,0
230367,1030367,0
230177,1030177,0
212130,1012130,0
221195,1021195,0
242034,1042034,0
238746,1038746,0
235781,1035781,1
244436,1044436,0
215936,1015936,0
242208,1042208,0
218662,1018662,0
236615,1036615,0
239412,1039412,0
247366,1047366,0
242958,1042958,0
214619,1014619,1
231667,1031667,0
226510,1026510,0
234694,1034694,0
201876,1001876,0
229467,1029467,0
215726,1015726,0
242485,1042485,1
240688,1040688,0
242364,1042364,0
242203,1042203,0
204725,1004725,0
249424,1049424,0
213048,1013048,0
200187,1000187,0
242259,1042259,0
239201,1039201,0
207965,1007965,0
218935,1018935,0
235565,1035565,0
236058,1036058,0
204178,1004178,0
205322,1005322,0
234892,1034892,0
226416,1026416,0
226484,1026484,0
228987,1028987,0
216374,1016374,0
248310,1048310,1
204717,1004717,0
209515,1009515,0
249859,1049859,0
229139,1029139,0
222515,1022515,0
248330,1048330,0
223310,1023310,0
241545,1041545,0
202791,1002791,0
228760,1028760,0
209566,1009566,1
239936,1039936,0
249352,1049352,0
213353,1013353,0
215665,1015665,0
202668,1002668,0
226963,1026963,0
203135,1003135,0
229143,1029143,0
223681,1023681,0
215688,1015688,0
222024,1022024,0
227797,1027797,0
211338,1011338,0
210158,1010158,0
242216,1042216,0
219568,1019568,0
208918,1008918,0
213803,1013803,0
240437,1040437,0
238041,1038041,0
243032,1043032,0
222597,1022597,0
223983,1023983,0
220649,1020649,0
236018,1036018,0
221351,1021351,0
217141,1017141,0
234603,1034603,0
248144,1048144,1
203095,1003095,0
213955,1013955,0
245215,1045215,0
203620,1003620,0
211463,1011463,0
215670,1015670,0
244776,1044776,0
204230,1004230,0
214188,1014188,0
224965,1024965,1
207010,1007010,1
222405,1022405,0
207744,1007744,0
229842,1029842,0
230113,1030113,0
246451,1046451,0
203567,1003567,0
223007,1023007,0
220506,1020506,0
229475,1029475,0
225922,1025922,0
249542,1049542,0
240601,1040601,0
214183,1014183,0
241500,1041500,0
228815,1028815,0
248192,1048192,0
208492,1008492,0
248901,1048901,0
227977,1027977,0
200957,1000957,0
226755,1026755,0
246384,1046384,0
249086,1049086,0
248092,1048092,0
246614,1046614,0
235671,1035671,0
246769,1046769,1
215359,1015359,0
224944,1024944,0
248683,1048683,0
244650,1044650,0
243777,1043777,0
212743,1012743,0
219822,1019822,0
212932,1012932,0
223855,1023855,0
206300,1006300,0
203193,1003193,0
220804,1020804,0
228058,1028058,0
235273,1035273,1
204305,1004305,0
206612,1006612,1
220508,1020508,1
240072,1040072,1
204247,1004247,0
200328,1000328,1
225633,1025633,1
216036,1016036,0
227218,1027218,0
217036,1017036,0
224238,1024238,0
234753,1034753,0
202272,1002272,0
204553,1004553,0
244643,1044643,1
249661,1049661,0
243528,1043528,0
217146,1017146,0
236037,1036037,1
239229,1039229,0
245280,1045280,0
225983,1025983,0
208337,1008337,0
226364,1026364,0
239272,1039272,0
207147,1007147,1
244851,1044851,0
244789,1044789,0
232876,1032876,0
212865,1012865,0
227434,1027434,0
237841,1037841,0
237562,1037562,0
248720,1048720,0
232715,1032715,0
207681,1007681,0
202024,1002024,0
236850,1036850,0
210005,1010005,0
212429,1012429,0
235396,1035396,0
236442,1036442,0
220259,1020259,0
233706,1033706,0
224069,1024069,0
220365,1020365,0
210147,1010147,0
234727,1034727,0
241278,1041278,0
216397,1016397,0
213328,1013328,0
242957,1042957,0
205155,1005155,0
223936,1023936,0
247083,1047083,0
209805,1009805,0
241118,1041118,0
210338,1010338,0
239589,1039589,0
208387,1008387,0
218563,1018563,0
208243,1008243,0
210210,1010210,0
238217,1038217,0
213548,1013548,0
249898,1049898,0
235672,1035672,0
203684,1003684,0
226819,1026819,0
210989,1010989,0
232073,1032073,0
203519,1003519,1
207188,1007188,0
232190,1032190,0
226316,1026316,0
247575,1047575,0
222951,1022951,0
248419,1048419,0
210219,1010219,0
242305,1042305,0
215961,1015961,0
245429,1045429,0
214726,1014726,0
212391,1012391,0
237281,1037281,0
241854,1041854,0
234756,1034756,0
211671,1011671,1
245051,1045051,0
218422,1018422,0
224359,1024359,0
211910,1011910,0
216160,1016160,0
221452,1021452,0
228247,1028247,0
238221,1038221,0
240951,1040951,0
223938,1023938,0
233540,1033540,0
225394,1025394,0
238827,1038827,0
217649,1017649,0
217941,1017941,0
219639,1019639,0
221532,1021532,0
204461,1004461,0
220614,1020614,0
240065,1040065,0
239178,1039178,0
234494,1034494,0
212957,1012957,0
230140,1030140,0
229094,1029094,0
212732,1012732,0
212004,1012004,0
222715,1022715,1
216681,1016681,0
212347,1012347,1
229388,1029388,1
240620,1040620,0
235687,1035687,0
240467,1040467,0
225680,1025680,0
224281,1024281,0
227105,1027105,0
238881,1038881,0
224452,1024452,0
217840,1017840,0
214664,1014664,0
222240,1022240,0
229789,1029789,0
227444,1027444,0
203605,1003605,0
219147,1019147,0
245892,1045892,0
243339,1043339,0
213131,1013131,0
214204,1014204,0
204590,1004590,0
218352,1018352,0
214076,1014076,0
214095,1014095,0
242706,1042706,0
230877,1030877,0
210344,1010344,0
246927,1046927,0
236388,1036388,0
236550,1036550,0
236790,1036790,1
222332,1022332,0
234396,1034396,0
231884,1031884,0
248018,1048018,0
222889,1022889,0
248669,1048669,0
231177,1031177,0
213140,1013140,0
247488,1047488,1
245206,1045206,0
221199,1021199,0
216203,1016203,0
208929,1008929,0
243718,1043718,0
243108,1043108,0
236171,1036171,0
203402,1003402,0
214780,1014780,0
202821,1002821,0
228026,1028026,0
200207,1000207,0
206311,1006311,0
212885,1012885,0
209368,1009368,0
204989,1004989,0
220760,1020760,0
249759,1049759,0
200290,1000290,0
220965,1020965,0
241587,1041587,1
211572,1011572,0
214162,1014162,0
232447,1032447,0
237926,1037926,1
207417,1007417,1
216172,1016172,0
244627,1044627,0
201576,1001576,0
203467,1003467,0
236422,1036422,0
205117,1005117,0
206368,1006368,0
243942,1043942,0
211837,1011837,0
249158,1049158,0
216538,1016538,0
224672,1024672,0
210440,1010440,0
227080,1027080,0
232950,1032950,0
212943,1012943,0
240659,1040659,0
238841,1038841,0
237603,1037603,0
212889,1012889,0
213029,1013029,0
248424,1048424,0
246080,1046080,0
237753,1037753,1
206188,1006188,0
217946,1017946,0
214928,1014928,0
248970,1048970,0
234705,1034705,0
221492,1021492,0
200846,1000846,0
247234,1047234,0
205060,1005060,0
203084,1003084,0
203113,1003113,0
223372,1023372,0
223848,1023848,0
202332,1002332,0
221132,1021132,0
219797,1019797,0
214199,1014199,0
222149,1022149,0
225623,1025623,0
244474,1044474,0
219210,1019210,0
211272,1011272,0
200264,1000264,0
233674,1033674,0
244453,1044453,0
218528,1018528,0
244182,1044182,0
249487,1049487,0
225614,1025614,0
225097,1025097,0
248440,1048440,0
200516,1000516,0
246754,1046754,0
206817,1006817,0
247820,1047820,0
201757,1001757,0
226329,1026329,0
233679,1033679,0
222131,1022131,0
244895,1044895,0
232240,1032240,0
222603,1022603,0
227302,1027302,0
236568,1036568,0
242837,1042837,0
245083,1045083,0
222471,1022471,0
235258,1035258,0
215088,1015088,0
226379,1026379,0
220060,1020060,0
234365,1034365,0
217253,1017253,0
209518,1009518,0
248417,1048417,0
238598,1038598,0
218815,1018815,0
247080,1047080,0
221600,1021600,0
233139,1033139,0
227098,1027098,0
224413,1024413,0
244874,1044874,0
224272,1024272,0
235580,1035580,1
232658,1032658,0
235850,1035850,0
219257,1019257,0
200476,1000476,0
213979,1013979,0
216161,1016161,0
224865,1024865,0
241962,1041962,0
205499,1005499,0
204431,1004431,1
212315,1012315,1
228574,1028574,0
205487,1005487,0
222135,1022135,0
229317,1029317,0
209900,1009900,0
239522,1039522,0
228723,1028723,0
223107,1023107,0
233324,1033324,0
238229,1038229,0
245862,1045862,0
235904,1035904,0
241532,1041532,0
202335,1002335,0
202146,1002146,0
234950,1034950,0
218615,1018615,0
224178,1024178,0
236599,1036599,0
221988,1021988,1
213832,1013832,0
214997,1014997,0
235073,1035073,0
211684,1011684,0
219705,1019705,0
210797,1010797,0
211802,1011802,0
249600,1049600,0
204400,1004400,0
216109,1016109,0
231034,1031034,0
235217,1035217,0
230468,1030468,0
246757,1046757,0
204598,1004598,0
208287,1008287,0
247383,1047383,0
248005,1048005,0
245633,1045633,0
247141,1047141,1
245146,1045146,0
206907,1006907,0
221680,1021680,0
203021,1003021,0
234773,1034773,0
230545,1030545,1
243048,1043048,0
206937,1006937,0
242451,1042451,0
231259,1031259,0
241199,1041199,0
204649,1004649,0
223137,1023137,0
222238,1022238,0
225011,1025011,0
240423,1040423,0
216168,1016168,0
210546,1010546,0
219152,1019152,0
209277,1009277,0
215632,1015632,0
201984,1001984,0
216736,1016736,0
202814,1002814,0
231928,1031928,0
215790,1015790,0
236909,1036909,0
229504,1029504,0
244280,1044280,1
211122,1011122,0
240679,1040679,0
214223,1014223,0
231589,1031589,0
203992,1003992,1
226307,1026307,0
239093,1039093,1
227106,1027106,0
205171,1005171,0
238171,1038171,0
234107,1034107,0
206244,1006244,0
207582,1007582,0
212195,1012195,0
220784,1020784,1
210127,1010127,0
201290,1001290,0
203274,1003274,0
239094,1039094,0
203470,1003470,0
235962,1035962,0
240675,1040675,0
231472,1031472,0
208928,1008928,0
236800,1036800,0
212151,1012151,0
240799,1040799,0
249257,1049257,0
231480,1031480,0
233374,1033374,0
246749,1046749,0
240849,1040849,0
243353,1043353,0
233684,1033684,1
210909,1010909,0
243811,1043811,0
220435,1020435,0
219453,1019453,0
231875,1031875,0
244952,1044952,0
232598,1032598,0
241392,1041392,0
211599,1011599,1
234555,1034555,0
229320,1029320,0
236159,1036159,0
217484,1017484,0
222220,1022220,0
229161,1029161,0
219567,1019567,0
246759,1046759,0
230967,1030967,0
219408,1019408,0
207961,1007961,0
224701,1024701,0
210579,1010579,0
235423,1035423,0
204765,1004765,0
234390,1034390,0
219518,1019518,1
226078,1026078,0
244071,1044071,0
227264,1027264,0
227412,1027412,0
222926,1022926,1
214388,1014388,0
242807,1042807,0
211941,1011941,0
202600,1002600,0
232921,1032921,0
242604,1042604,0
245179,1045179,0
212120,1012120,0
224784,1024784,0
212897,1012897,0
224812,1024812,0
230400,1030400,0
224658,1024658,0
223043,1023043,0
242551,1042551,0
240250,1040250,0
245976,1045976,1
238024,1038024,0
202768,1002768,0
201237,1001237,0
222709,1022709,0
240560,1040560,0
243954,1043954,1
208892,1008892,1
203413,1003413,0
226244,1026244,0
223279,1023279,0
201856,1001856,0
211521,1011521,0
227912,1027912,0
249753,1049753,0
220537,1020537,0
242657,1042657,0
247707,1047707,0
228319,1028319,0
226215,1026215,0
243156,1043156,0
234946,1034946,0
205348,1005348,0
241164,1041164,0
221413,1021413,1
208870,1008870,1
206810,1006810,1
208465,1008465,0
217185,1017185,0
209921,1009921,0
233114,1033114,0
207221,1007221,0
223885,1023885,0
205061,1005061,0
201955,1001955,0
217142,1017142,0
235432,1035432,0
202176,1002176,0
216191,1016191,1
222812,1022812,0
205286,1005286,1
222725,1022725,0
227198,1027198,0
240317,1040317,0
217105,1017105,0
214949,1014949,1
238855,1038855,0
241886,1041886,0
244362,1044362,0
234519,1034519,0
242508,1042508,0
207842,1007842,0
247741,1047741,1
237489,1037489,0
230887,1030887,0
246139,1046139,0
246847,1046847,1
222287,1022287,0
230355,1030355,0
249340,1049340,0
228236,1028236,0
215981,1015981,0
210964,1010964,0
246973,1046973,0
228368,1028368,0
230637,1030637,0
220267,1020267,0
201607,1001607,0
246213,1046213,0
220668,1020668,0
214433,1014433,0
242238,1042238,0
237218,1037218,0
239403,1039403,0
226271,1026271,0
235864,1035864,1
222683,1022683,0
218118,1018118,0
247545,1047545,0
247768,1047768,0
207023,1007023,0
212111,1012111,0
211849,1011849,0
218806,1018806,0
243345,1043345,0
210118,1010118,0
202495,1002495,0
205420,1005420,0
230933,1030933,0
237350,1037350,0
231686,1031686,0
237972,1037972,0
219731,1019731,0
229194,1029194,0
238553,1038553,0
222047,1022047,0
223637,1023637,0
215392,1015392,1
238040,1038040,1
204216,1004216,0
221250,1021250,0
238865,1038865,1
209391,1009391,0
215728,1015728,0
213292,1013292,0
213844,1013844,0
249998,1049998,0
226115,1026115,0
222243,1022243,0
206004,1006004,0
245972,1045972,0
238220,1038220,0
204148,1004148,0
227730,1027730,0
221584,1021584,0
203581,1003581,0
207837,1007837,0
218848,1018848,1
232456,1032456,0
230212,1030212,0
234453,1034453,0
239562,1039562,0
207307,1007307,0
204502,1004502,0
244115,1044115,1
205558,1005558,0
243022,1043022,0
204966,1004966,0
224245,1024245,0
217388,1017388,1
241048,1041048,0
220681,1020681,0
202082,1002082,0
248105,1048105,1
200022,1000022,1
210692,1010692,0
214634,1014634,0
204228,1004228,0
204232,1004232,0
219900,1019900,0
236501,1036501,0
241554,1041554,0
205022,1005022,0
207022,1007022,0
234798,1034798,0
215744,1015744,0
224310,1024310,0
247469,1047469,0
220637,1020637,0
218078,1018078,0
207807,1007807,0
213638,1013638,0
217018,1017018,0
240683,1040683,0
249316,1049316,0
213043,1013043,0
239384,1039384,0
248227,1048227,1
208618,1008618,0
227741,1027741,0
248089,1048089,0
207240,1007240,1
234074,1034074,0
203765,1003765,0
227964,1027964,0
204655,1004655,0
220467,1020467,0
238714,1038714,0
224801,1024801,0
230148,1030148,1
208973,1008973,0
203359,1003359,0
218762,1018762,0
245956,1045956,0
224053,1024053,0
247659,1047659,0
224199,1024199,0
222726,1022726,1
237286,1037286,1
237776,1037776,0
220960,1020960,0
221844,1021844,1
210401,1010401,0
201900,1001900,0
207860,1007860,0
230392,1030392,0
242187,1042187,0
237504,1037504,0
210902,1010902,0
206779,1006779,0
241221,1041221,0
209336,1009336,0
220976,1020976,0
203655,1003655,1
208531,1008531,0
236023,1036023,0
247603,1047603,0
236762,1036762,0
227940,1027940,0
219001,1019001,0
207282,1007282,1
208849,1008849,0
206464,1006464,1
240311,1040311,0
224826,1024826,0
220081,1020081,0
249317,1049317,0
228795,1028795,0
249843,1049843,0
222465,1022465,0
229361,1029361,1
244626,1044626,0
238738,1038738,0
209709,1009709,0
201464,1001464,0
240684,1040684,1
241748,1041748,0
208521,1008521,0
239150,1039150,0
211292,1011292,0
234647,1034647,0
204161,1004161,0
236512,1036512,1
228304,1028304,1
230750,1030750,1
240640,1040640,0
224968,1024968,1
244873,1044873,0
216551,1016551,0
239184,1039184,0
200006,1000006,0
237207,1037207,1
214950,1014950,0
245962,1045962,0
224507,1024507,0
241037,1041037,0
231366,1031366,0
241116,1041116,1
242128,1042128,0
244798,1044798,0
249750,1049750,1
200993,1000993,0
232606,1032606,0
215351,1015351,0
239590,1039590,0
212887,1012887,0
229272,1029272,0
237246,1037246,0
224981,1024981,0
230709,1030709,1
225461,1025461,0
231718,1031718,0
205826,1005826,0
224990,1024990,0
235146,1035146,0
222496,1022496,1
210378,1010378,0
214988,1014988,0
234244,1034244,0
218690,1018690,0
220875,1020875,0
215123,1015123,0
209754,1009754,0
233605,1033605,0
242814,1042814,0
224798,1024798,0
215414,1015414,0
219214,1019214,0
204467,1004467,0
233988,1033988,0
230884,1030884,0
219203,1019203,0
242460,1042460,0
247499,1047499,0
211241,1011241,1
206583,1006583,0
216563,1016563,1
225594,1025594,0
209871,1009871,0
247480,1047480,1
224351,1024351,0
208381,1008381,0
213018,1013018,0
218433,1018433,0
212092,1012092,0
239187,1039187,0
230617,1030617,0
244069,1044069,1
215121,1015121,0
242502,1042502,0
209940,1009940,0
245878,1045878,0
202084,1002084,0
224636,1024636,0
221455,1021455,0
201691,1001691,0
218441,1018441,0
227416,1027416,0
227638,1027638,0
214524,1014524,0
206784,1006784,0
207317,1007317,0
215838,1015838,0
225552,1025552,1
204834,1004834,0
236195,1036195,1
222121,1022121,0
228198,1028198,0
219075,1019075,0
217372,1017372,0
245046,1045046,1
224792,1024792,0
243749,1043749,0
233354,1033354,0
211495,1011495,0
201077,1001077,1
240819,1040819,0
235857,1035857,0
200333,1000333,0
229265,1029265,0
212046,1012046,0
214156,1014156,0
234704,1034704,0
207467,1007467,0
248053,1048053,0
243712,1043712,0
231165,1031165,0
230396,1030396,0
224161,1024161,0
239523,1039523,0
228375,1028375,0
241843,1041843,0
208911,1008911,0
213384,1013384,1
232302,1032302,0
220235,1020235,0
214163,1014163,0
224936,1024936,0
228943,1028943,0
231439,1031439,0
210612,1010612,0
204805,1004805,0
232753,1032753,0
226748,1026748,0
223982,1023982,0
239730,1039730,0
206245,1006245,0
218334,1018334,0
249080,1049080,0
204244,1004244,0
237342,1037342,0
235229,1035229,0
215732,1015732,0
245125,1045125,1
213325,1013325,0
234811,1034811,1
217610,1017610,0
202070,1002070,0
225203,1025203,0
227488,1027488,0
243210,1043210,0
223204,1023204,0
208069,1008069,0
232747,1032747,0
249561,1049561,1
236110,1036110,1
233141,1033141,0
215887,1015887,0
247582,1047582,0
243545,1043545,0
223513,1023513,0
233686,1033686,1
235528,1035528,1
223228,1023228,0
222254,1022254,0
233804,1033804,0
213564,1013564,1
222344,1022344,0
249752,1049752,0
215408,1015408,0
246355,1046355,0
212616,1012616,0
207993,1007993,0
220866,1020866,0
224814,1024814,0
224619,1024619,0
227249,1027249,0
239658,1039658,0
217148,1017148,0
200426,1000426,0
223258,1023258,0
200097,1000097,0
203939,1003939,0
233189,1033189,0
231489,1031489,0
237731,1037731,0
244682,1044682,0
231111,1031111,0
218212,1018212,0
233702,1033702,0
221718,1021718,0
234456,1034456,0
200816,1000816,0
243588,1043588,0
235673,1035673,0
239067,1039067,0
207533,1007533,1
224384,1024384,0
215715,1015715,0
226704,1026704,0
226680,1026680,0
221951,1021951,0
223602,1023602,1
243956,1043956,0
247865,1047865,0
245766,1045766,0
241902,1041902,0
207422,1007422,0
203471,1003471,0
219909,1019909,0
200916,1000916,0
233495,1033495,0
202141,1002141,0
214843,1014843,0
200438,1000438,0
224736,1024736,0
205556,1005556,0
228954,1028954,0
234737,1034737,0
243284,1043284,0
209045,1009045,0
215474,1015474,1
208215,1008215,0
211776,1011776,0
233345,1033345,0
222418,1022418,0
205601,1005601,0
218435,1018435,0
247097,1047097,0
220301,1020301,0
214135,1014135,0
204268,1004268,0
218633,1018633,1
242866,1042866,0
225088,1025088,0
208363,1008363,0
214485,1014485,0
230420,1030420,0
212477,1012477,0
248137,1048137,0
207454,1007454,0
221686,1021686,0
245400,1045400,0
234128,1034128,0
225585,1025585,0
231297,1031297,1
200029,1000029,1
235265,1035265,1
227456,1027456,0
226496,1026496,0
203543,1003543,0
238808,1038808,0
230726,1030726,0
223593,1023593,0
244244,1044244,0
247092,1047092,0
212341,1012341,0
208237,1008237,0
217176,1017176,1
237257,1037257,0
246311,1046311,0
230955,1030955,0
212659,1012659,0
212428,1012428,0
236525,1036525,1
212870,1012870,1
243054,1043054,0
222705,1022705,0
235630,1035630,0
214174,1014174,0
238689,1038689,0
239365,1039365,0
222104,1022104,0
227210,1027210,0
206544,1006544,0
210663,1010663,0
248686,1048686,1
231766,1031766,0
233573,1033573,0
237337,1037337,0
214982,1014982,0
207693,1007693,0
200622,1000622,0
227087,1027087,0
218543,1018543,0
248325,1048325,0
220585,1020585,0
217189,1017189,0
225492,1025492,0
219158,1019158,0
242398,1042398,0
246692,1046692,0
236652,1036652,0
248351,1048351,0
203909,1003909,0
211657,1011657,0
236257,1036257,0
207006,1007006,0
235260,1035260,0
212460,1012460,0
205251,1005251,0
223190,1023190,0
234733,1034733,0
215379,1015379,0
204757,1004757,0
201130,1001130,0
239400,1039400,0
224279,1024279,0
219865,1019865,0
200432,1000432,0
241515,1041515,0
236499,1036499,0
206396,1006396,0
209541,1009541,0
200170,1000170,0
203689,1003689,0
212140,1012140,0
233559,1033559,0
206169,1006169,0
232090,1032090,0
232185,1032185,0
230205,1030205,0
243265,1043265,0
232261,1032261,0
212444,1012444,0
223171,1023171,0
239659,1039659,0
223210,1023210,0
223094,1023094,0
221699,1021699,0
213664,1013664,0
228148,1028148,0
229333,1029333,0
226728,1026728,0
209468,1009468,0
236735,1036735,0
226780,1026780,0
249511,1049511,0
203817,1003817,1
245568,1045568,0
206208,1006208,0
224878,1024878,0
245381,1045381,0
219829,1019829,0
207047,1007047,0
249671,1049671,0
227991,1027991,0
209501,1009501,0
214431,1014431,0
225778,1025778,0
203852,1003852,0
240082,1040082,0
239870,1039870,0
249442,1049442,0
202021,1002021,0
236714,1036714,0
206150,1006150,0
231863,1031863,0
203216,1003216,0
228778,1028778,1
242794,1042794,1
230073,1030073,0
211652,1011652,0
200174,1000174,0
236483,1036483,0
200113,1000113,0
202832,1002832,0
244839,1044839,0
221676,1021676,0
237813,1037813,0
212634,1012634,0
239374,1039374,0
222737,1022737,0
248229,1048229,0
202133,1002133,0
206256,1006256,0
201827,1001827,0
242087,1042087,0
223945,1023945,0
244581,1044581,0
209665,1009665,1
234331,1034331,1
243477,1043477,0
246377,1046377,0
223269,1023269,1
214700,1014700,0
245396,1045396,0
219056,1019056,0
211939,1011939,0
238912,1038912,0
202309,1002309,0
230498,1030498,0
211375,1011375,0
208607,1008607,0
211341,1011341,0
203232,1003232,0
211956,1011956,0
247168,1047168,0
245513,1045513,0
232480,1032480,0
234680,1034680,0
243433,1043433,0
211756,1011756,0
225287,1025287,0
227222,1027222,0
224897,1024897,0
202862,1002862,0
211743,1011743,0
204545,1004545,1
206638,1006638,0
237289,1037289,0
229262,1029262,0
222201,1022201,0
217772,1017772,0
211632,1011632,0
224437,1024437,0
220288,1020288,0
202434,1002434,0
224309,1024309,0
224569,1024569,0
206843,1006843,0
224306,1024306,1
248512,1048512,0
221643,1021643,0
241696,1041696,0
206383,1006383,0
227744,1027744,0
231487,1031487,0
204246,1004246,0
241355,1041355,0
207313,1007313,0
215620,1015620,0
245402,1045402,0
221664,1021664,0
219096,1019096,0
211365,1011365,0
232096,1032096,0
226905,1026905,0
226187,1026187,0
209506,1009506,0
203368,1003368,0
215548,1015548,0
208859,1008859,0
207739,1007739,0
210537,1010537,1
230328,1030328,1
211266,1011266,0
229856,1029856,0
230690,1030690,1
200999,1000999,0
215062,1015062,0
246932,1046932,0
226407,1026407,0
247967,1047967,0
223661,1023661,0
218818,1018818,0
205146,1005146,0
243082,1043082,0
202080,1002080,0
241308,1041308,0
235643,1035643,0
249168,1049168,0
238904,1038904,0
228836,1028836,0
219099,1019099,0
215431,1015431,1
226550,1026550,0
218112,1018112,0
222978,1022978,0
244072,1044072,0
206034,1006034,0
244801,1044801,0
232954,1032954,0
244385,1044385,0
220581,1020581,0
221977,1021977,0
227092,1027092,0
216637,1016637,0
221128,1021128,0
249944,1049944,0
245104,1045104,0
202507,1002507,0
237551,1037551,0
222508,1022508,0
242042,1042042,0
241697,1041697,0
246771,1046771,0
212023,1012023,0
226451,1026451,0
242166,1042166,0
244704,1044704,0
235954,1035954,0
207304,1007304,0
233930,1033930,0
211563,1011563,0
202678,1002678,0
206562,1006562,0
238582,1038582,0
249396,1049396,0
212840,1012840,0
235890,1035890,0
245468,1045468,0
226552,1026552,0
228688,1028688,0
242582,1042582,0
216539,1016539,0
239293,1039293,0
222800,1022800,0
213662,1013662,0
221000,1021000,0
236511,1036511,0
200196,1000196,0
231277,1031277,1
219067,1019067,0
229180,1029180,0
231115,1031115,0
207398,1007398,0
236703,1036703,0
240771,1040771,0
236497,1036497,1
241551,1041551,0
231839,1031839,0
206923,1006923,0
235907,1035907,0
249075,1049075,1
212542,1012542,0
220373,1020373,0
239611,1039611,0
210289,1010289,0
225180,1025180,0
215831,1015831,0
227358,1027358,0
225963,1025963,0
229248,1029248,0
234072,1034072,1
239633,1039633,0
218859,1018859,1
215870,1015870,0
211709,1011709,0
243680,1043680,0
224997,1024997,0
241357,1041357,0
229332,1029332,0
241013,1041013,0
231183,1031183,0
217275,1017275,0
202194,1002194,0
244582,1044582,0
204137,1004137,0
224073,1024073,0
216888,1016888,0
205020,1005020,0
244487,1044487,0
236076,1036076,0
216175,1016175,0
215341,1015341,0
223682,1023682,0
200470,1000470,0
206534,1006534,0
239848,1039848,0
216261,1016261,0
224292,1024292,0
228195,1028195,0
241885,1041885,0
238157,1038157,0
221888,1021888,0
240814,1040814,0
239204,1039204,0
223348,1023348,0
211187,1011187,0
246140,1046140,0
227229,1027229,0
208393,1008393,0
225113,1025113,0
209154,1009154,0
249720,1049720,0
202780,1002780,0
245526,1045526,0
244075,1044075,0
243621,1043621,0
248251,1048251,0
225603,1025603,0
214476,1014476,0
212882,1012882,0
228722,1028722,0
221629,1021629,0
203833,1003833,0
232699,1032699,0
233975,1033975,0
248729,1048729,0
247910,1047910,0
206023,1006023,0
239640,1039640,0
224212,1024212,0
235314,1035314,1
206914,1006914,0
201524,1001524,0
234989,1034989,0
239142,1039142,0
233231,1033231,0
201727,1001727,0
213899,1013899,0
224409,1024409,0
203574,1003574,0
232208,1032208,0
222179,1022179,1
230502,1030502,0
218411,1018411,0
212027,1012027,0
212914,1012914,1
249908,1049908,0
214420,1014420,0
232125,1032125,0
203564,1003564,0
234871,1034871,1
231051,1031051,0
235926,1035926,0
240992,1040992,0
217944,1017944,0
228724,1028724,0
248891,1048891,0
244713,1044713,0
203637,1003637,0
223131,1023131,0
221142,1021142,0
228347,1028347,0
230487,1030487,0
217384,1017384,0
201756,1001756,0
205170,1005170,0
233861,1033861,0
234193,1034193,0
239059,1039059,0
236791,1036791,0
240461,1040461,1
221036,1021036,0
230634,1030634,0
224186,1024186,0
236586,1036586,0
204455,1004455,0
204969,1004969,0
208307,1008307,0
201535,1001535,0
219234,1019234,0
219528,1019528,0
227773,1027773,0
221065,1021065,0
226267,1026267,0
209377,1009377,0
217523,1017523,0
223764,1023764,0
220758,1020758,0
222774,1022774,0
234800,1034800,0
212099,1012099,1
221044,1021044,0
235948,1035948,0
207125,1007125,0
229921,1029921,0
211101,1011101,0
219409,1019409,1
220806,1020806,0
220634,1020634,0
218319,1018319,1
218058,1018058,0
234376,1034376,0
242617,1042617,0
231194,1031194,0
248342,1048342,1
220694,1020694,0
240371,1040371,1
209625,1009625,0
237171,1037171,0
228887,1028887,0
242375,1042375,0
220476,1020476,0
205293,1005293,0
220797,1020797,1
201582,1001582,0
212085,1012085,0
236674,1036674,1
241963,1041963,0
241631,1041631,0
221575,1021575,0
249270,1049270,0
234240,1034240,0
223250,1023250,0
240938,1040938,0
237586,1037586,0
237589,1037589,0
201971,1001971,0
214129,1014129,0
247586,1047586,0
215567,1015567,0
240004,1040004,0
214145,1014145,0
218585,1018585,0
214616,1014616,0
204297,1004297,0
229290,1029290,1
200875,1000875,0
249444,1049444,0
220785,1020785,0
229257,1029257,0
213398,1013398,0
232599,1032599,0
237971,1037971,0
244117,1044117,1
233783,1033783,0
225019,1025019,0
230825,1030825,0
216395,1016395,0
230365,1030365,0
240005,1040005,0
219100,1019100,0
226485,1026485,0
226020,1026020,0
233103,1033103,1
241344,1041344,0
247258,1047258,1
201994,1001994,0
239331,1039331,0
204640,1004640,0
209495,1009495,0
236740,1036740,0
236242,1036242,1
241141,1041141,1
235296,1035296,0
234308,1034308,0
201779,1001779,0
243970,1043970,0
224417,1024417,0
202813,1002813,0
208862,1008862,0
203290,1003290,1
246333,1046333,0
232615,1032615,0
245219,1045219,0
237810,1037810,0
241878,1041878,0
222803,1022803,0
244764,1044764,0
236046,1036046,0
221284,1021284,0
206125,1006125,0
200920,1000920,0
209743,1009743,0
240197,1040197,0
201564,1001564,0
236363,1036363,0
222577,1022577,0
219786,1019786,0
222460,1022460,0
237695,1037695,0
215072,1015072,0
243158,1043158,0
211799,1011799,0
224514,1024514,0
229003,1029003,0
244951,1044951,0
206830,1006830,0
204789,1004789,0
222850,1022850,0
204661,1004661,1
200015,1000015,1
215177,1015177,0
205998,1005998,0
229934,1029934,0
226814,1026814,0
242254,1042254,0
219035,1019035,0
208980,1008980,0
221347,1021347,0
243505,1043505,0
221708,1021708,0
242284,1042284,0
220567,1020567,0
223135,1023135,1
236327,1036327,0
214382,1014382,1
240780,1040780,1
212728,1012728,0
202555,1002555,0
232773,1032773,0
231804,1031804,0
214468,1014468,0
212283,1012283,0
236432,1036432,1
232015,1032015,0
247063,1047063,0
204625,1004625,0
232145,1032145,0
240299,1040299,0
206210,1006210,0
213069,1013069,0
216029,1016029,0
244263,1044263,0
201924,1001924,0
246488,1046488,0
239592,1039592,0
243369,1043369,0
230371,1030371,0
230739,1030739,0
228187,1028187,0
222432,1022432,0
207338,1007338,0
248414,1048414,0
230241,1030241,0
204784,1004784,1
249167,1049167,0
225956,1025956,0
201921,1001921,0
243346,1043346,0
215411,1015411,0
231671,1031671,0
240733,1040733,0
202020,1002020,0
212329,1012329,0
246256,1046256,0
202992,1002992,0
213988,1013988,0
227280,1027280,0
246651,1046651,0
226781,1026781,0
236911,1036911,0
218761,1018761,0
206756,1006756,0
236211,1036211,0
235317,1035317,0
205439,1005439,0
249247,1049247,0
219139,1019139,0
210150,1010150,0
212590,1012590,0
228859,1028859,0
212248,1012248,0
217802,1017802,0
240046,1040046,1
231393,1031393,0
234262,1034262,0
205563,1005563,0
223447,1023447,0
243356,1043356,0
241332,1041332,0
248791,1048791,0
243587,1043587,0
216955,1016955,0
245810,1045810,0
223547,1023547,0
219098,1019098,0
234787,1034787,0
205665,1005665,0
230911,1030911,0
227215,1027215,0
240164,1040164,0
236872,1036872,0
207119,1007119,0
226218,1026218,0
208220,1008220,0
243540,1043540,0
202438,1002438,0
222275,1022275,0
217419,1017419,0
234322,1034322,0
222301,1022301,0
215745,1015745,0
209390,1009390,0
242553,1042553,0
246995,1046995,0
225511,1025511,0
211169,1011169,0
226458,1026458,0
217811,1017811,0
224419,1024419,0
230821,1030821,0
233992,1033992,0
214477,1014477,0
237951,1037951,0
231181,1031181,1
218933,1018933,0
242213,1042213,0
214710,1014710,0
215099,1015099,0
200292,1000292,0
239258,1039258,0
219390,1019390,0
249875,1049875,0
232531,1032531,0
227772,1027772,0
233688,1033688,0
221331,1021331,0
249790,1049790,0
231905,1031905,0
247993,1047993,0
214657,1014657,0
208738,1008738,0
208019,1008019,0
223470,1023470,0
210492,1010492,0
219830,1019830,0
237704,1037704,0
241494,1041494,0
213697,1013697,0
227674,1027674,0
225039,1025039,0
214242,1014242,0
213500,1013500,0
241558,1041558,0
216459,1016459,0
247466,1047466,0
242041,1042041,0
204733,1004733,0
202076,1002076,0
240535,1040535,0
227282,1027282,1
217853,1017853,0
245126,1045126,0
225834,1025834,0
208867,1008867,0
248245,1048245,0
242525,1042525,0
243351,1043351,1
211883,1011883,0
235718,1035718,0
220200,1020200,0
211259,1011259,0
211489,1011489,0
225943,1025943,0
215418,1015418,0
201559,1001559,0
214426,1014426,0
226469,1026469,0
246276,1046276,0
215916,1015916,0
205618,1005618,0
242724,1042724,0
230300,1030300,0
244999,1044999,0
202491,1002491,0
222364,1022364,0
201261,1001261,1
234533,1034533,0
221506,1021506,0
229001,1029001,0
205772,1005772,0
246940,1046940,0
219027,1019027,0
228061,1028061,0
202428,1002428,0
237703,1037703,0
219600,1019600,0
218695,1018695,0
249175,1049175,0
243410,1043410,0
231845,1031845,0
200048,1000048,0
235345,1035345,0
242576,1042576,0
224642,1024642,0
206435,1006435,0
236588,1036588,0
233579,1033579,0
223516,1023516,0
217236,1017236,0
215039,1015039,0
224293,1024293,0
233894,1033894,0
243348,1043348,0
242962,1042962,0
231168,1031168,0
228423,1028423,0
202162,1002162,0
205100,1005100,1
246576,1046576,0
207583,1007583,0
244739,1044739,0
219064,1019064,0
238187,1038187,0
200128,1000128,0
219706,1019706,0
236464,1036464,0
234507,1034507,0
209466,1009466,0
213827,1013827,0
212297,1012297,0
211197,1011197,0
249569,1049569,0
248572,1048572,0
242436,1042436,0
234093,1034093,0
242801,1042801,0
225846,1025846,0
202837,1002837,0
246069,1046069,0
227133,1027133,0
221037,1021037,0
234280,1034280,1
223990,1023990,1
243464,1043464,0
246164,1046164,1
207486,1007486,0
214455,1014455,1
208779,1008779,1
238793,1038793,0
241820,1041820,0
203078,1003078,0
217393,1017393,0
233390,1033390,0
214636,1014636,0
217344,1017344,0
205799,1005799,0
207549,1007549,0
233744,1033744,0
224943,1024943,0
244449,1044449,0
202104,1002104,0
210360,1010360,0
236985,1036985,0
202440,1002440,0
210744,1010744,0
200186,1000186,1
210034,1010034,0
245597,1045597,0
216919,1016919,0
205779,1005779,0
230399,1030399,0
230943,1030943,0
236034,1036034,0
208833,1008833,0
223660,1023660,0
223337,1023337,1
243490,1043490,0
225791,1025791,0
230033,1030033,0
240458,1040458,0
223553,1023553,0
228480,1028480,0
235195,1035195,0
202370,1002370,0
242745,1042745,1
222939,1022939,0
207388,1007388,0
214299,1014299,0
249635,1049635,0
240607,1040607,0
200501,1000501,1
213159,1013159,0
244448,1044448,0
208170,1008170,0
203956,1003956,0
217059,1017059,0
203769,1003769,0
231501,1031501,0
209992,1009992,0
218556,1018556,0
226432,1026432,0
216656,1016656,0
214381,1014381,1
246735,1046735,1
224728,1024728,0
225508,1025508,0
222511,1022511,0
211916,1011916,0
221509,1021509,0
241128,1041128,0
202978,1002978,0
235143,1035143,1
248809,1048809,0
236149,1036149,0
215661,1015661,0
227115,1027115,0
247960,1047960,0
202273,1002273,0
218567,1018567,1
228224,1028224,0
203496,1003496,0
231185,1031185,0
206789,1006789,0
210550,1010550,0
245571,1045571,0
219103,1019103,0
205941,1005941,0
231556,1031556,0
233928,1033928,0
233701,1033701,0
245580,1045580,0
213684,1013684,1
217078,1017078,0
204238,1004238,0
215433,1015433,0
219107,1019107,0
236137,1036137,0
228430,1028430,0
227507,1027507,0
209977,1009977,0
224375,1024375,0
230937,1030937,0
209849,1009849,0
235897,1035897,0
223459,1023459,0
214049,1014049,0
215261,1015261,1
210166,1010166,0
238122,1038122,0
237261,1037261,0
226870,1026870,0
219041,1019041,0
246586,1046586,0
229014,1029014,0
237610,1037610,0
223272,1023272,0
228309,1028309,0
246195,1046195,0
206419,1006419,0
241755,1041755,0
231306,1031306,0
222986,1022986,0
243055,1043055,0
202927,1002927,0
236253,1036253,0
228931,1028931,0
221660,1021660,0
215407,1015407,0
211987,1011987,0
213631,1013631,0
235805,1035805,0
204167,1004167,1
220005,1020005,0
213176,1013176,0
212193,1012193,0
211055,1011055,0
228935,1028935,0
225644,1025644,1
206853,1006853,0
232416,1032416,0
229286,1029286,0
207169,1007169,0
212387,1012387,0
212619,1012619,0
218636,1018636,0
245678,1045678,0
233137,1033137,0
231116,1031116,0
201313,1001313,0
208558,1008558,0
236657,1036657,0
202614,1002614,0
219672,1019672,0
236030,1036030,0
234180,1034180,0
201280,1001280,0
237899,1037899,0
226784,1026784,0
204257,1004257,0
235916,1035916,0
212508,1012508,0
243226,1043226,0
246242,1046242,0
202954,1002954,0
228083,1028083,0
220448,1020448,0
214410,1014410,0
202807,1002807,1
249470,1049470,0
215437,1015437,0
215370,1015370,0
247590,1047590,0
201175,1001175,0
245840,1045840,0
218388,1018388,0
214889,1014889,0
204797,1004797,0
222710,1022710,0
205063,1005063,0
224171,1024171,0
245873,1045873,0
228121,1028121,0
234358,1034358,0
214625,1014625,0
202674,1002674,0
237697,1037697,0
245310,1045310,1
221970,1021970,0
222786,1022786,0
249252,1049252,0
241672,1041672,0
227066,1027066,0
202160,1002160,0
222514,1022514,0
200094,1000094,0
232436,1032436,0
208987,1008987,0
213417,1013417,1
245874,1045874,1
225259,1025259,0
227871,1027871,0
210776,1010776,0
231018,1031018,0
238583,1038583,0
217412,1017412,0
209290,1009290,0
218194,1018194,0
248080,1048080,0
249595,1049595,0
242667,1042667,0
225950,1025950,0
215181,1015181,0
214967,1014967,0
218028,1018028,0
225110,1025110,0
224991,1024991,0
203034,1003034,0
205218,1005218,0
220250,1020250,0
242438,1042438,0
248865,1048865,0
226419,1026419,0
240010,1040010,0
232169,1032169,0
216415,1016415,0
233191,1033191,0
202306,1002306,0
224376,1024376,0
243708,1043708,0
240776,1040776,0
243742,1043742,0
240667,1040667,0
234242,1034242,0
227731,1027731,0
235990,1035990,0
231529,1031529,0
220135,1020135,0
224019,1024019,1
245902,1045902,0
240791,1040791,0
234913,1034913,0
221463,1021463,0
228196,1028196,0
245089,1045089,1
219387,1019387,0
237209,1037209,0
208925,1008925,0
215755,1015755,0
223543,1023543,0
248211,1048211,0
209910,1009910,0
202566,1002566,0
208636,1008636,0
208660,1008660,0
246620,1046620,0
241064,1041064,0
207797,1007797,0
242826,1042826,0
209831,1009831,0
217466,1017466,0
206041,1006041,0
201537,1001537,0
248576,1048576,0
224964,1024964,0
242347,1042347,0
219251,1019251,0
247180,1047180,0
201459,1001459,0
238818,1038818,0
217491,1017491,1
239344,1039344,0
244628,1044628,0
242766,1042766,0
207187,1007187,0
209449,1009449,0
216390,1016390,0
223992,1023992,0
237317,1037317,0
229978,1029978,0
248515,1048515,0
208584,1008584,0
229525,1029525,0
213284,1013284,0
230662,1030662,0
202118,1002118,0
245194,1045194,0
235732,1035732,0
210460,1010460,0
229608,1029608,0
234467,1034467,0
242612,1042612,0
208489,1008489,1
246707,1046707,0
230814,1030814,0
249911,1049911,0
214773,1014773,1
204354,1004354,0
242742,1042742,0
238306,1038306,1
239329,1039329,0
245829,1045829,0
219279,1019279,0
236668,1036668,0
214853,1014853,0
226570,1026570,0
233524,1033524,1
247717,1047717,0
227633,1027633,0
244758,1044758,0
207540,1007540,0
224967,1024967,1
210726,1010726,1
236955,1036955,0
245964,1045964,0
211486,1011486,0
232536,1032536,0
213759,1013759,0
213608,1013608,1
225820,1025820,0
244981,1044981,0
207574,1007574,0
241256,1041256,1
233760,1033760,1
219398,1019398,0
218803,1018803,0
210131,1010131,0
225058,1025058,1
216510,1016510,0
238578,1038578,0
212675,1012675,0
224730,1024730,0
207623,1007623,0
202277,1002277,0
234916,1034916,0
243004,1043004,0
217145,1017145,0
233851,1033851,0
227235,1027235,0
229489,1029489,0
203423,1003423,0
208194,1008194,0
217410,1017410,0
204259,1004259,0
242491,1042491,0
200902,1000902,0
241671,1041671,0
249892,1049892,0
248946,1048946,0
231413,1031413,0
238971,1038971,0
239634,1039634,0
219790,1019790,0
221579,1021579,0
225848,1025848,0
217097,1017097,0
221704,1021704,0
240391,1040391,0
234620,1034620,0
220063,1020063,0
244297,1044297,0
210013,1010013,0
205718,1005718,0
229801,1029801,0
219359,1019359,0
204279,1004279,0
247986,1047986,0
232397,1032397,0
225093,1025093,0
228655,1028655,1
236495,1036495,0
218030,1018030,1
220854,1020854,0
203160,1003160,1
224934,1024934,0
248204,1048204,0
230153,1030153,0
237947,1037947,1
208756,1008756,0
238396,1038396,0
203347,1003347,0
202265,1002265,0
235321,1035321,0
214019,1014019,0
226663,1026663,0
242207,1042207,0
242379,1042379,0
212242,1012242,0
239274,1039274,0
214093,1014093,0
217066,1017066,0
245006,1045006,0
214313,1014313,0
236817,1036817,0
239146,1039146,0
223638,1023638,0
231975,1031975,0
213594,1013594,0
205655,1005655,0
217479,1017479,0
204571,1004571,1
215640,1015640,1
220512,1020512,0
222412,1022412,0
246437,1046437,0
208540,1008540,0
245807,1045807,0
241911,1041911,1
249393,1049393,0
238267,1038267,0
242315,1042315,0
237944,1037944,0
222743,1022743,0
245762,1045762,0
242912,1042912,0
226019,1026019,0
215960,1015960,0
225181,1025181,0
200567,1000567,0
229976,1029976,0
200354,1000354,0
208949,1008949,0
205429,1005429,0
232912,1032912,1
222763,1022763,0
239707,1039707,0
217614,1017614,0
201686,1001686,0
221156,1021156,1
238285,1038285,0
244601,1044601,0
244938,1044938,0
214665,1014665,0
235446,1035446,1
220486,1020486,0
246136,1046136,0
247203,1047203,0
218970,1018970,0
217371,1017371,0
200099,1000099,1
227462,1027462,1
204361,1004361,0
228285,1028285,0
230673,1030673,0
223724,1023724,0
242569,1042569,0
214053,1014053,0
235513,1035513,1
225613,1025613,1
221802,1021802,1
229893,1029893,0
239964,1039964,0
227531,1027531,0
221448,1021448,0
232727,1032727,0
244023,1044023,0
226533,1026533,0
224902,1024902,1
222106,1022106,0
234302,1034302,0
238442,1038442,0
239602,1039602,0
234427,1034427,0
219452,1019452,0
216967,1016967,0
222244,1022244,0
247778,1047778,0
203009,1003009,0
242013,1042013,0
202186,1002186,0
228807,1028807,1
243894,1043894,0
215235,1015235,0
232446,1032446,0
215403,1015403,0
231643,1031643,1
221927,1021927,0
249647,1049647,0
241952,1041952,0
207158,1007158,1
221521,1021521,0
212467,1012467,0
226586,1026586,0
240721,1040721,0
242524,1042524,0
213386,1013386,0
203738,1003738,1
235586,1035586,0
207656,1007656,0
234211,1034211,0
225749,1025749,0
249946,1049946,0
200792,1000792,0
226420,1026420,0
243601,1043601,0
242140,1042140,0
249795,1049795,0
206324,1006324,0
203735,1003735,0
225539,1025539,0
203414,1003414,0
212928,1012928,0
239446,1039446,0
228510,1028510,0
219226,1019226,0
216694,1016694,0
214563,1014563,0
245795,1045795,0
227678,1027678,0
233820,1033820,0
220899,1020899,0
214178,1014178,0
223123,1023123,0
228556,1028556,0
231505,1031505,0
214999,1014999,0
230462,1030462,0
219534,1019534,0
235264,1035264,1
209661,1009661,0
204773,1004773,0
213578,1013578,0
210495,1010495,0
213561,1013561,0
249957,1049957,0
209406,1009406,0
214640,1014640,0
230641,1030641,1
222323,1022323,0
249816,1049816,0
223753,1023753,0
237200,1037200,0
209416,1009416,0
202102,1002102,0
210112,1010112,0
205271,1005271,0
207127,1007127,0
207998,1007998,0
243590,1043590,0
233943,1033943,0
222073,1022073,0
234559,1034559,0
230741,1030741,0
225632,1025632,0
242772,1042772,0
211516,1011516,0
211357,1011357,0
234226,1034226,0
239903,1039903,0
221188,1021188,0
246099,1046099,0
203116,1003116,0
204485,1004485,0
212834,1012834,0
217847,1017847,0
219669,1019669,0
244640,1044640,0
238386,1038386,0
244430,1044430,0
213150,1013150,0
220722,1020722,1
238576,1038576,0
249100,1049100,0
221828,1021828,0
237060,1037060,0
242468,1042468,0
236022,1036022,0
245008,1045008,0
225932,1025932,0
245719,1045719,0
235192,1035192,0
235535,1035535,1
228551,1028551,0
216872,1016872,0
238177,1038177,0
210130,1010130,0
245113,1045113,0
237142,1037142,0
234247,1034247,0
214789,1014789,0
200110,1000110,0
240188,1040188,0
239619,1039619,0
209148,1009148,0
216321,1016321,0
233267,1033267,0
231865,1031865,0
204300,1004300,0
237741,1037741,0
219516,1019516,0
218096,1018096,0
241460,1041460,0
202218,1002218,0
247824,1047824,0
231386,1031386,0
225705,1025705,0
242218,1042218,0
214132,1014132,0
243507,1043507,0
200376,1000376,0
232084,1032084,0
230557,1030557,0
216585,1016585,0
212238,1012238,1
244502,1044502,0
232691,1032691,1
228513,1028513,0
200727,1000727,0
228408,1028408,0
210840,1010840,1
230238,1030238,0
230369,1030369,0
215814,1015814,0
218074,1018074,0
246432,1046432,0
220820,1020820,0
222058,1022058,0
228300,1028300,0
216956,1016956,0
203305,1003305,0
246937,1046937,0
223409,1023409,0
244718,1044718,0
231604,1031604,0
242018,1042018,0
200699,1000699,0
202512,1002512,0
210243,1010243,0
210307,1010307,0
217547,1017547,0
233568,1033568,0
228346,1028346,0
222126,1022126,0
224370,1024370,0
247013,1047013,0
204929,1004929,0
227013,1027013,0
228218,1028218,0
247928,1047928,0
200159,1000159,0
204780,1004780,1
241205,1041205,0
207876,1007876,0
228961,1028961,0
227615,1027615,0
216713,1016713,0
232545,1032545,0
200243,1000243,0
231155,1031155,0
241785,1041785,0
218726,1018726,0
210801,1010801,0
236263,1036263,0
215761,1015761,0
241976,1041976,0
206442,1006442,0
231593,1031593,0
223734,1023734,0
225236,1025236,0
236908,1036908,0
245788,1045788,0
226952,1026952,0
209614,1009614,0
248807,1048807,0
242388,1042388,0
248289,1048289,0
204131,1004131,0
225398,1025398,1
201540,1001540,1
243109,1043109,0
235051,1035051,0
246560,1046560,0
210593,1010593,0
242261,1042261,0
235544,1035544,0
214272,1014272,0
236423,1036423,0
209401,1009401,0
232617,1032617,0
224275,1024275,0
212078,1012078,0
238661,1038661,0
238762,1038762,0
242568,1042568,0
237524,1037524,1
236029,1036029,0
205466,1005466,0
229105,1029105,0
229203,1029203,0
214094,1014094,0
241026,1041026,0
241513,1041513,0
208118,1008118,0
204638,1004638,0
205477,1005477,0
239755,1039755,0
208730,1008730,0
202062,1002062,0
207856,1007856,0
218368,1018368,0
242032,1042032,1
249029,1049029,0
229877,1029877,0
200267,1000267,0
207181,1007181,0
208017,1008017,0
210545,1010545,0
238172,1038172,0
201570,1001570,0
248300,1048300,0
244328,1044328,0
232591,1032591,0
222132,1022132,0
209244,1009244,0
226110,1026110,0
210835,1010835,1
214508,1014508,0
213121,1013121,0
204699,1004699,0
218757,1018757,0
240756,1040756,1
238241,1038241,0
242428,1042428,1
217866,1017866,0
203617,1003617,0
223248,1023248,0
249806,1049806,0
207700,1007700,0
244647,1044647,0
246252,1046252,0
219980,1019980,0
248172,1048172,0
242671,1042671,0
235060,1035060,0
209680,1009680,0
246848,1046848,1
239995,1039995,0
219248,1019248,0
216370,1016370,1
204473,1004473,0
233654,1033654,0
207879,1007879,0
215024,1015024,1
233857,1033857,1
216968,1016968,0
216794,1016794,1
249209,1049209,1
227769,1027769,0
247082,1047082,0
201526,1001526,0
245747,1045747,0
218304,1018304,0
224318,1024318,0
241729,1041729,1
224333,1024333,0
212810,1012810,0
230521,1030521,0
233153,1033153,0
213622,1013622,0
244174,1044174,0
241814,1041814,0
242709,1042709,0
211968,1011968,1
228886,1028886,0
223475,1023475,0
224297,1024297,0
248088,1048088,0
234531,1034531,0
222899,1022899,1
239216,1039216,0
212710,1012710,0
247791,1047791,0
203751,1003751,0
228946,1028946,0
213024,1013024,0
237292,1037292,1
212420,1012420,0
211660,1011660,0
223231,1023231,0
200827,1000827,0
234696,1034696,1
218106,1018106,0
202371,1002371,0
216822,1016822,0
225410,1025410,0
249804,1049804,0
239032,1039032,0
212531,1012531,0
210932,1010932,0
243235,1043235,0
233375,1033375,0
241076,1041076,0
230037,1030037,0
211307,1011307,0
200773,1000773,0
205435,1005435,0
243347,1043347,0
238777,1038777,0
244239,1044239,0
202275,1002275,0
219868,1019868,0
217294,1017294,0
229674,1029674,0
209637,1009637,0
227778,1027778,0
221288,1021288,0
230845,1030845,0
215667,1015667,0
222145,1022145,0
228860,1028860,0
207843,1007843,0
217291,1017291,0
237600,1037600,0
219502,1019502,0
235308,1035308,0
214413,1014413,1
200604,1000604,0
213966,1013966,0
201085,1001085,0
203339,1003339,0
221644,1021644,0
217599,1017599,0
224580,1024580,0
242285,1042285,0
218224,1018224,0
227745,1027745,0
231005,1031005,0
205745,1005745,0
243844,1043844,1
215637,1015637,0
222537,1022537,1
218949,1018949,0
249144,1049144,1
235220,1035220,0
221905,1021905,0
220353,1020353,0
217330,1017330,1
217747,1017747,0
239559,1039559,0
222979,1022979,0
214522,1014522,0
240460,1040460,0
224193,1024193,0
213053,1013053,0
210493,1010493,0
226626,1026626,0
249979,1049979,0
221981,1021981,0
202717,1002717,0
213438,1013438,0
224345,1024345,0
219825,1019825,1
241284,1041284,0
208302,1008302,0
247293,1047293,0
220945,1020945,0
246982,1046982,1
226934,1026934,0
249472,1049472,0
244883,1044883,1
212232,1012232,0
210531,1010531,0
245802,1045802,1
204539,1004539,0
248646,1048646,0
235760,1035760,0
248109,1048109,0
215880,1015880,0
215005,1015005,0
231954,1031954,0
234550,1034550,0
238754,1038754,0
202505,1002505,1
222307,1022307,0
210048,1010048,0
203640,1003640,1
207342,1007342,0
213536,1013536,0
228871,1028871,0
227548,1027548,0
214852,1014852,0
237358,1037358,0
249123,1049123,0
214674,1014674,0
211552,1011552,0
207104,1007104,0
203425,1003425,0
201783,1001783,0
245584,1045584,0
200755,1000755,0
219104,1019104,0
201499,1001499,0
202724,1002724,0
240757,1040757,1
232358,1032358,0
202541,1002541,1
240014,1040014,0
232505,1032505,0
234241,1034241,0
215320,1015320,0
214251,1014251,0
220056,1020056,0
228980,1028980,0
240043,1040043,0
245485,1045485,0
233171,1033171,0
205311,1005311,0
218681,1018681,0
224503,1024503,0
239906,1039906,1
201420,1001420,1
242649,1042649,1
222957,1022957,0
224117,1024117,0
206474,1006474,1
247763,1047763,1
201432,1001432,1
245658,1045658,0
223819,1023819,0
211255,1011255,0
201837,1001837,0
207323,1007323,0
212075,1012075,0
230848,1030848,0
232681,1032681,0
232990,1032990,1
241270,1041270,0
223561,1023561,0
211496,1011496,0
231376,1031376,0
247192,1047192,0
237187,1037187,0
216677,1016677,0
243007,1043007,0
211010,1011010,0
245721,1045721,0
208548,1008548,0
217306,1017306,0
229827,1029827,0
200956,1000956,0
237930,1037930,0
215279,1015279,1
220193,1020193,0
244037,1044037,0
230204,1030204,0
217564,1017564,0
226726,1026726,0
207359,1007359,0
214763,1014763,0
245843,1045843,0
228342,1028342,0
202871,1002871,0
246267,1046267,0
210896,1010896,0
215746,1015746,0
223557,1023557,0
203977,1003977,0
219888,1019888,0
241330,1041330,0
203500,1003500,0
239104,1039104,0
221875,1021875,0
238445,1038445,0
242171,1042171,0
237057,1037057,0
207192,1007192,0
249096,1049096,0
215318,1015318,0
207148,1007148,0
204024,1004024,0
211208,1011208,0
211335,1011335,0
212774,1012774,0
219647,1019647,0
239460,1039460,1
220576,1020576,0
236711,1036711,0
246239,1046239,0
202053,1002053,0
245520,1045520,0
216051,1016051,0
216092,1016092,0
218829,1018829,1
220294,1020294,0
212911,1012911,0
237517,1037517,0
208993,1008993,0
247349,1047349,0
214617,1014617,0
209327,1009327,0
241352,1041352,1
209887,1009887,0
241255,1041255,0
233591,1033591,0
204380,1004380,0
207378,1007378,0
224843,1024843,0
219828,1019828,0
203185,1003185,0
204547,1004547,0
211645,1011645,0
239824,1039824,0
235521,1035521,0
212588,1012588,0
217859,1017859,0
207064,1007064,0
210019,1010019,0
246019,1046019,0
230426,1030426,0
240612,1040612,0
244976,1044976,0
210815,1010815,0
248428,1048428,0
222857,1022857,0
232665,1032665,0
221791,1021791,0
214318,1014318,0
237297,1037297,0
216156,1016156,0
227734,1027734,0
213717,1013717,0
207603,1007603,0
243863,1043863,0
216976,1016976,0
243474,1043474,0
238359,1038359,0
228525,1028525,0
228159,1028159,0
201853,1001853,0
248704,1048704,0
204469,1004469,0
238273,1038273,0
217844,1017844,0
212181,1012181,0
200737,1000737,0
202195,1002195,0
221597,1021597,0
218746,1018746,0
213164,1013164,0
243860,1043860,1
201409,1001409,0
244821,1044821,0
233597,1033597,0
209126,1009126,0
205704,1005704,0
238424,1038424,1
234980,1034980,0
207775,1007775,1
238518,1038518,0
227293,1027293,0
207682,1007682,0
215582,1015582,0
243255,1043255,0
202793,1002793,0
200028,1000028,0
214390,1014390,0
241804,1041804,0
228904,1028904,0
200039,1000039,0
237649,1037649,0
246939,1046939,0
216256,1016256,0
222854,1022854,0
225488,1025488,0
247568,1047568,0
231105,1031105,0
224839,1024839,0
233184,1033184,0
216227,1016227,0
228843,1028843,0
225406,1025406,0
212134,1012134,0
247358,1047358,0
235553,1035553,0
228204,1028204,0
213658,1013658,0
229722,1029722,0
247467,1047467,0
247619,1047619,0
241614,1041614,0
222929,1022929,0
227755,1027755,0
213720,1013720,0
215440,1015440,0
243149,1043149,0
236982,1036982,0
210857,1010857,0
219691,1019691,0
217140,1017140,0
228108,1028108,0
208231,1008231,0
229507,1029507,0
243429,1043429,0
229581,1029581,0
247604,1047604,0
243288,1043288,0
201204,1001204,0
232322,1032322,0
213067,1013067,0
226752,1026752,0
201950,1001950,0
249482,1049482,0
241552,1041552,0
248845,1048845,0
240432,1040432,0
224955,1024955,0
212846,1012846,0
229786,1029786,0
216340,1016340,0
241693,1041693,0
237455,1037455,0
231867,1031867,0
206458,1006458,0
239048,1039048,0
213649,1013649,0
231813,1031813,0
230335,1030335,0
231812,1031812,0
222703,1022703,0
241078,1041078,0
216424,1016424,0
236836,1036836,0
233856,1033856,0
229091,1029091,0
207567,1007567,0
231166,1031166,0
236153,1036153,0
210588,1010588,1
225123,1025123,0
203120,1003120,0
239462,1039462,0
211814,1011814,0
205774,1005774,1
226426,1026426,0
246709,1046709,0
206371,1006371,0
239092,1039092,0
220989,1020989,0
208150,1008150,0
201749,1001749,0
236475,1036475,0
243670,1043670,0
208181,1008181,0
240449,1040449,0
221933,1021933,0
207308,1007308,0
205787,1005787,0
224290,1024290,1
212764,1012764,0
216816,1016816,1
242334,1042334,0
242303,1042303,0
221130,1021130,0
216087,1016087,0
234776,1034776,0
216483,1016483,0
240852,1040852,0
237565,1037565,0
219999,1019999,0
217925,1017925,0
209088,1009088,0
217442,1017442,0
232728,1032728,0
216842,1016842,0
200253,1000253,0
212828,1012828,0
224004,1024004,0
242867,1042867,0
249314,1049314,0
222753,1022753,0
233283,1033283,0
219287,1019287,0
246030,1046030,0
225304,1025304,0
248449,1048449,0
219085,1019085,0
232377,1032377,0
241676,1041676,0
203450,1003450,0
210922,1010922,0
208413,1008413,0
232577,1032577,0
228735,1028735,0
200429,1000429,0
244303,1044303,0
242758,1042758,0
226716,1026716,0
202229,1002229,0
230725,1030725,0
230850,1030850,0
249381,1049381,0
202103,1002103,0
238407,1038407,0
203870,1003870,0
233993,1033993,0
209304,1009304,0
214385,1014385,0
208321,1008321,0
229199,1029199,0
243357,1043357,0
249274,1049274,1
230995,1030995,0
209141,1009141,0
208787,1008787,0
249766,1049766,0
249583,1049583,0
236915,1036915,0
226686,1026686,0
206881,1006881,0
207309,1007309,0
237259,1037259,0
211667,1011667,0
216045,1016045,0
209790,1009790,0
243671,1043671,0
249022,1049022,0
241483,1041483,0
215534,1015534,0
245357,1045357,0
203754,1003754,0
202443,1002443,0
208555,1008555,0
245096,1045096,0
246281,1046281,0
216569,1016569,0
222042,1022042,0
241584,1041584,0
210787,1010787,0
213375,1013375,0
209086,1009086,0
210315,1010315,0
220040,1020040,0
243714,1043714,0
201871,1001871,0
225008,1025008,0
247104,1047104,0
238329,1038329,0
230534,1030534,0
229291,1029291,0
209326,1009326,0
204521,1004521,0
211304,1011304,0
202699,1002699,0
235283,1035283,0
235689,1035689,0
233031,1033031,0
222438,1022438,0
203085,1003085,0
216185,1016185,0
227377,1027377,0
233378,1033378,0
247229,1047229,0
237676,1037676,1
230889,1030889,0
220116,1020116,0
246766,1046766,0
236662,1036662,0
232444,1032444,0
239518,1039518,0
222877,1022877,0
232206,1032206,0
225760,1025760,0
203140,1003140,0
201102,1001102,0
218731,1018731,0
231549,1031549,0
248062,1048062,0
222913,1022913,0
248730,1048730,0
248217,1048217,0
221477,1021477,0
204505,1004505,0
235823,1035823,0
225819,1025819,0
220597,1020597,0
220679,1020679,0
202900,1002900,0
218040,1018040,1
224764,1024764,0
246537,1046537,0
204267,1004267,0
249649,1049649,0
237495,1037495,0
210125,1010125,0
222478,1022478,0
238322,1038322,0
243910,1043910,1
246834,1046834,0
227372,1027372,0
233192,1033192,0
231269,1031269,0
209774,1009774,0
216807,1016807,0
246951,1046951,0
233310,1033310,1
247842,1047842,0
200141,1000141,0
230017,1030017,0
243285,1043285,0
201260,1001260,0
214514,1014514,0
244229,1044229,0
233890,1033890,0
211474,1011474,0
202801,1002801,0
205368,1005368,0
248036,1048036,1
218931,1018931,1
249972,1049972,0
228206,1028206,0
209354,1009354,0
218684,1018684,0
209676,1009676,0
242086,1042086,0
230458,1030458,0
246471,1046471,0
222174,1022174,0
215372,1015372,0
212601,1012601,0
216043,1016043,0
224831,1024831,0
227512,1027512,0
203737,1003737,0
233263,1033263,0
236350,1036350,0
225526,1025526,1
231841,1031841,1
246860,1046860,0
248167,1048167,0
226619,1026619,0
245056,1045056,0
206211,1006211,0
230016,1030016,0
212859,1012859,0
211229,1011229,0
240085,1040085,0
213241,1013241,0
201072,1001072,0
245289,1045289,0
204523,1004523,0
232209,1032209,0
243580,1043580,0
244260,1044260,0
244901,1044901,0
216834,1016834,0
208873,1008873,0
205827,1005827,0
232922,1032922,0
225551,1025551,0
203832,1003832,0
207409,1007409,0
208040,1008040,0
226615,1026615,0
244126,1044126,0
224207,1024207,0
233980,1033980,0
249432,1049432,0
206581,1006581,1
219242,1019242,0
219791,1019791,0
213512,1013512,0
207971,1007971,0
201846,1001846,0
225218,1025218,0
202052,1002052,0
234611,1034611,0
239572,1039572,0
204896,1004896,0
231815,1031815,0
203672,1003672,0
232856,1032856,0
213133,1013133,1
232872,1032872,0
228422,1028422,0
243859,1043859,0
239853,1039853,0
248079,1048079,0
232798,1032798,0
216960,1016960,1
204752,1004752,0
218263,1018263,0
206067,1006067,0
200904,1000904,0
249591,1049591,0
204358,1004358,0
248531,1048531,0
234318,1034318,0
242639,1042639,0
229913,1029913,1
239035,1039035,0
211264,1011264,0
246387,1046387,0
235851,1035851,0
204010,1004010,0
217984,1017984,0
226294,1026294,0
235828,1035828,1
220805,1020805,0
210868,1010868,0
211000,1011000,0
203851,1003851,0
206536,1006536,1
210371,1010371,1
241988,1041988,0
207105,1007105,0
214086,1014086,0
245869,1045869,0
216400,1016400,0
220695,1020695,0
222180,1022180,0
241585,1041585,0
223100,1023100,0
224269,1024269,1
215239,1015239,0
218769,1018769,0
200362,1000362,0
238376,1038376,0
230363,1030363,0
243038,1043038,0
212811,1012811,0
217553,1017553,0
235212,1035212,0
207755,1007755,0
203314,1003314,0
204774,1004774,0
218429,1018429,0
203409,1003409,0
201025,1001025,0
249940,1049940,0
222942,1022942,0
203244,1003244,0
220646,1020646,0
217627,1017627,0
239408,1039408,0
202660,1002660,1
238809,1038809,0
227116,1027116,0
245638,1045638,0
232063,1032063,0
218637,1018637,0
218957,1018957,0
232508,1032508,0
245416,1045416,0
218298,1018298,0
234492,1034492,0
220078,1020078,0
248059,1048059,0
242546,1042546,0
230285,1030285,0
247721,1047721,0
228377,1028377,0
237238,1037238,0
204093,1004093,0
238110,1038110,0
220381,1020381,0
240970,1040970,0
235514,1035514,0
221902,1021902,0
209267,1009267,0
229167,1029167,0
218976,1018976,0
215110,1015110,1
237302,1037302,0
221553,1021553,0
241216,1041216,0
210524,1010524,0
203398,1003398,0
215523,1015523,0
238119,1038119,0
200341,1000341,0
225469,1025469,0
235389,1035389,0
212766,1012766,0
210470,1010470,0
210397,1010397,0
233903,1033903,1
213108,1013108,0
223144,1023144,0
216405,1016405,1
210662,1010662,0
230696,1030696,0
201068,1001068,1
205637,1005637,0
221176,1021176,0
246963,1046963,0
242861,1042861,0
249344,1049344,0
232902,1032902,0
248713,1048713,0
203300,1003300,0
247698,1047698,1
230199,1030199,0
249282,1049282,0
247021,1047021,0
211009,1011009,0
241495,1041495,0
227606,1027606,0
236118,1036118,0
215252,1015252,0
211401,1011401,0
215736,1015736,0
201400,1001400,0
222790,1022790,0
248702,1048702,0
243840,1043840,0
242901,1042901,0
246525,1046525,1
236878,1036878,0
216148,1016148,0
209935,1009935,0
204054,1004054,1
248102,1048102,0
205319,1005319,0
210309,1010309,0
247592,1047592,0
201760,1001760,0
239112,1039112,1
224168,1024168,0
242073,1042073,0
219215,1019215,0
240134,1040134,0
246634,1046634,0
247925,1047925,0
227947,1027947,0
207605,1007605,0
203530,1003530,0
221290,1021290,0
237854,1037854,0
209298,1009298,0
244234,1044234,0
235290,1035290,1
200688,1000688,0
213553,1013553,0
229473,1029473,0
200369,1000369,0
234490,1034490,1
212439,1012439,0
226769,1026769,0
238023,1038023,0
236299,1036299,0
221306,1021306,1
249683,1049683,0
228150,1028150,1
213961,1013961,0
229329,1029329,0
208725,1008725,0
242031,1042031,1
241085,1041085,1
214512,1014512,0
224159,1024159,0
210040,1010040,0
213543,1013543,0
206920,1006920,0
233352,1033352,0
238265,1038265,0
236934,1036934,0
222794,1022794,0
204863,1004863,0
227696,1027696,0
211294,1011294,0
238048,1038048,0
245509,1045509,0
240513,1040513,0
218321,1018321,0
247656,1047656,0
248176,1048176,0
239989,1039989,0
248948,1048948,0
213293,1013293,0
248677,1048677,0
236760,1036760,0
242257,1042257,0
216428,1016428,0
201031,1001031,0
222003,1022003,0
217284,1017284,0
200166,1000166,0
247762,1047762,0
227970,1027970,0
241990,1041990,0
221605,1021605,0
206934,1006934,0
244867,1044867,0
211078,1011078,0
224853,1024853,0
241218,1041218,0
201186,1001186,0
220686,1020686,0
218820,1018820,0
241608,1041608,0
233029,1033029,0
222032,1022032,0
206569,1006569,0
215016,1015016,0
225382,1025382,0
243937,1043937,0
249053,1049053,0
240669,1040669,1
223810,1023810,1
241761,1041761,0
203857,1003857,0
221424,1021424,1
216813,1016813,0
238618,1038618,0
247541,1047541,0
235663,1035663,0
232099,1032099,0
208856,1008856,0
216651,1016651,0
224140,1024140,0
214316,1014316,0
212946,1012946,0
